id_eess_saldo,id_entidad,latitud,longitud,nombreEstacion,direccion,id_departamento
1724,7692,-17.7843738,-63.2042883,ESTACION DE SERVICIO EL ARROYO S.R.L,SANTA CRUZ-AV.ROQUE AGUILERA NRO 57,7
1744,7676,-17.7624926,-63.1804778,ESTACION DE SERVICIO RIVERO,AV.CRISTO REDENTOR ESQ/CALLE GUSTAVO PARADA NRO S/N ZONA NORTE,7
1766,8020,-17.7999251,-63.1804644,ESTACION DE SERVICIO SUR S.R.L.,AV SANTOS DUMONT Y SEGUNDO ANILLO,7
1784,2849,-17.7694521,-63.178765,ESTACION DE SERVICIO SUR SRL SUCURSAL 1,AV. BENI ESQ. SOROTOCO ZONA DEL SEGUNDO ANILLO,7
1805,12252,-17.7690766,-63.1710844,REFINERIA ORIENTAL S.A.,AVENIDA ALEMANIA ESQ. TOTAI S/N UV. 16. MZ. 17. ZONA NOR ESTE.,7
1806,22248,-17.7598265,-63.1707782,SURTIDOR CLUBOL,AV: PEDRO RIVERA 3ER ANILLO INTERNO ENTRE ALEMANA Y BENI,7
1824,12396,-17.7859093,-63.204505,ESTACION DE SERVICIO PIRAI S.R.L.,AV. ROCA CORONADO S/N/3ER ANILLO INT. UV. 30. MZ. 65. ZONA BARRIO SANTA ROSITA.,7
1844,12253,-17.7824886,-63.16346,REFINERIA ORIENTAL S.A. SUCURSAL BARRIO LAZARETO,UV. 21. MZ. 1. AV. VIRGEN DE COTOCA ESQUINA PERIMETRAL.,7
1845,7730,-17.7593876,-63.1796311,GASCO S.R.L.,SANTA CRUZ - AV. BANZER 3ER ANILLO INTERNO Nro S/N MZNO: OE07 ZONA: NORTE,7
1846,7796,-17.80347,-63.16377,ESTACION DE SERVICIO ELISA SRL.,SANTA CRUZ-AV. JUAN PABLO II TERCER ANILLO INTERNO NRO S/N  ZONA:POLANCO,7
1887,7777,-17.7704092,-63.1572086,"""Z & Z"" LTDA.",SANTA CRUZ - AV. PARAGUA 3ER ANILLO Nro 1050 ZONA: NOR ESTE,7
1924,25092,-17.754287,-63.1968214,REFINERIA ORIENTAL S.A. SUCURSAL ZONA 4 ANILLO FRENTE A BUFALO PARK - S.C.,AVENIDA ALEMANIA ESQ. TOTAI S/N UV. 16. MZ. 17. ZONA NOR ESTE.,7
1926,7680,-17.8017147,-63.2150731,ESTACION DE SERVICIO 3F OIL S.R.L.,SANTA CRUZ 4 ANILLO S/N UV:111 MZNO: 004 ZONA : BARRIO LOS BOSQUES,7
1927,11545,-17.7504503,-63.1748014,SURTIDOR VARDONA,SANTA CRUZ - BARRIO HAMACAS AV. CRISTO REDENTOR Nro5325 UV: 37 MZNO: 21 EDIFICIO: SURTIDOR VARDONA ZONA: NORTE,7
1928,7832,-17.8162752,-63.1831452,"ESTACION DE SERVICIO ""SANTOS DUMONT NOGALES""",AV.SANTOS DUMONT 3ER. ANILLO EXTERNO,7
1944,39703,-17.8058243,-63.197873,SUCURSAL TERCER ANILLO INTERNO FRENTE CANCHITA ROYAL,AV. ROQUE AGUILERA ESQ. ANGEL SANDOVAL,7
1945,7757,-17.7942547,-63.2170198,ESTACION DE SERVICIO LOS MANGALES S.R.L.,4TO ANILLO ENTRE RADIAL 19 Y FINAL PIRAI,7
1964,7867,-17.8061616,-63.1549375,ESTACION DE SERVICIO SAN LUIS,AVENIDA 4TO ANILLO ESQ. RADIAL 10 S/N BARRIO POLANCO,7
1965,8004,-17.8115923,-63.1870473,ESTACION DE SERVICIOS SANTA MARIA,AV. TOMAS DE LESSON ESQ. TARTAGAL S/N,7
1984,7672,-17.7760359,-63.1538073,"ESTACION DE SERVICIO ""GUAPAY""",SANTA CRUZ - AV. GUAPAY ESQ. AV. JAPON TERCER ANILLO EXTERNO Nro S/N ZONA: ESTE,7
2190,12400,-17.837806,-63.2381759,ESTACION DE SERVICIO PIRAI S.R.L. - SUCURSAL AV. DOBLE VIA LA GUARDIA ESQ. OCTAVO ANILLO.,KM. 8 DOBLE VIA LA GUARDIA.,7
2192,8005,-17.8502938,-63.1823348,ESTACION DE SERVICIO PALMASOLA,KM.6 CARRETERA A PALMASOLA,7
2193,2850,-17.7256968,-63.1652632,ESTACION DE SERVICIO SUR SRL SUCURSAL 2,CARRETERA AL NORTE Y SEPTIMO ANILLO.,7
2204,7700,-17.8045879,-63.2253595,ESTACION DE SERVICIO QUINTO ANILLO S.R.L.,SANTA CRUZ - RADIAL 17 1/2 QUINTO ANILLO S/N NRO S/N MZNO: 54 ZONA: SUR,7
2205,7887,-17.8676356,-63.1665509,SURTIDOR EL PALMAR,SANTA CRUZ - AV. EL PALMAR Nro S/N MZNO: 070 ZONA: LOS LOTES,7
2207,7889,-17.7571913,-63.1325881,"ESTACION DE SERVICIO ""PANTANAL DEL ORIENTE""",SANTA CRUZ - AVENIDA PERIMETRAL S/N PARQUE INDUSTRIAL MZNO: 40 ZONA: ESTE,7
2208,7964,-17.7127423,-63.1603234,ESTACION DE SERVICIO TOTAITU N&T S.R.L.,SANTA CRUZ-BARRIO KATALUÑA AVENIDA AL NORTE KM 7 1/2 NRO S/N ZONA: NORTE,7
2224,1874,-17.8278727,-63.2030328,ESTACION DE SERVICIO MORAGRANDE S.R.L. SUCURSAL I,AVENIDA MOSCU Y 5TO ANILLO DE CIRCUNVALACION,7
2225,7989,-17.8314589,-63.1852768,ESTACION DE SERVICIO MORAGRANDE S.R.L.,SANTA CRUZ - AV. SANTOS DUMONT Nro S/N ZONA: 5TO ANILLO,7
2227,7907,-17.8373899,-63.1274889,"ESTACION DE SERVICIO ""LAS ORQUIDEAS"" S.R.L.",SANTA CRUZ - AV. PAURITO Nro S/N ZONA: PLAN 3000,7
2228,7673,-17.3393366,-66.2142654,KHORA ESTACION DE SERVICIO,AV. KHORA Y CALLE ENRIQUE FIEBIK NO. S/N ZONA: TIQUIPAYA,3
2229,58190,-17.79148,-63.14061,REFRIGAS S.R.L.,AV. CUMAVI C/1 B/ERMENCA,7
2230,7773,-17.7605132,-63.0169214,ESTACION DE SERVICIO EL TAROPE,SANTA CRUZ - KM. 16 CARRETERA A COTOCA S/N ZONA: ESTE,7
2249,4111,-21.9033994,-63.6334713,ESTACION DE SERVICIO M.WARRIOR S.R.L.,YACUIBA - CARRETERA A SANTA CRUZ KM. 10 Nro: S/N UV: S/N MZNO: S/N ZONA: CAMPO PAJOSO,6
2250,8167,-17.8112985,-63.1621672,"SERVICIOS GENERALES ""LA CAÑADA S.R.L.""",SANTA CRUZ - AV. SAN AURELIO 4TO ANILLO Nro S/N UV:46 MZNO:26 EDIFICIO: A/N ZONA: SUR,7
2251,4152,-21.9605622,-63.6593848,ESTACION DE SERVICIO EL TERO TERO,CARRETERA A SANTA CRUZ KM 4 Nro S/N ZONA CAMPO GRANDE,6
2264,7803,-17.7977025,-63.2034195,LAS PALMAS S.R.L.,SANTA CRUZ - 3 TERCER ANILLO INTERNO AV. ROQUE AGUILERA Nro S/N ZONA: 3ER ANILLO  INTERNO,7
2284,7754,-17.8599283,-63.2630771,ESTACION DE SERVICIO JOSE JALDIN S.R.L.,SANTA CRUZ - CARRETERA A COCHABAMBA KM 11 Nro S/N ZONA: OESTE,7
2289,7972,-16.4955841,-68.1308947,GAS CENTRO S.R.L.,LA PAZ-CALLE INDABURO NO. 1396 ZONA: CENTRAL,2
2291,7785,-17.3915712,-66.2155809,ESTACION DE SERVICIO URKUPIÑA,COCHABAMBA AV. BLANCO GALINDO KM. 6 1/2 (COLCAPIRHUA),3
2292,7910,-16.498132,-68.1164464,RACING GAS S.R.L.,LA PAZ CALLE VENEZUELA NRO 22 ZONA VILLA SAN ANTONIO BAJO,2
2295,39464,-17.3602861,-66.1726928,ESTACION DE SERVICIO SEÑOR SANTIAGO SUCURSAL 1,AV. MELCHOR PEREZ DE OLGUIN ESQ. AV. CIRCUNVALACION,3
2297,8071,-17.3636363,-66.2295043,ESTACION DE SERVICIO MAX MAMANGUEÑO,AV. REDUCTO S/N ZONA CUATRO ESQUINAS,3
2304,1527,-16.620387,-68.182903,EDUARDO YUPANQUI QUISPE SUCURSAL VENTILLA,"EL ALTO, CARRETERA A ORURO NRO 100, LOCALIDAD VENTILLA",2
2305,7669,-17.205887,-64.5189559,CARRASCO S.R.L. COMERCIALIZADORA DE HIDROCARBUROS,COCHABAMBA- CALLE CHIRIGUANO ESQ. LAIME Nro 42: ZONA SARCOBAMBA,3
2306,730,-17.3651061,-66.1602441,ESTACION DE SERVICIO URKUPIÑA I,COCHABAMBA AV. CIRCUNVALACION - ESQUINA FRANCISCO BEDREGAL,3
2307,7761,-17.4252143,-66.1330358,ESTACION DE SERVICIO SEÑOR SANTIAGO,COCHABAMBA - AV. SIGLO XX NRO 326 ZONA SUD,3
2308,7712,-17.4450822,-66.1379925,ESTACION DE SERVICIO RIOJA,AV. PETROLERA KM 4.5,3
2317,1046,-17.8233344,-63.1839301,COMPAÑIA COMERCIAL DE GAS COMPRIMIDO CGC SRL SUCURSAL SANTA CRUZ,AV. SANTOS DUMONT 4 TO ANILLO,7
2326,8173,-17.8009,-63.12769,ESTACION DE SERVICIO DICOR S.R.L,AV. 16 DE JULIO NRO 6400 ZONA VILLA 1RO DE MAYO,7
2327,8185,-17.8270178,-63.2250064,ESTACION DE SERVICIO LA CHORRERA S.R.L.,SANTA CRUZ - KM. 6 CARRETRA ANTIGUA A COCHABAMBA NRO S/N UV: 126 MZNO: 023 ZONA: OESTE,7
2329,7682,-16.496321,-68.1278827,MOTORECO S.R.L. MOTORIZACION ECOLOGICA S.R.L.,CALLE SUCRE NRO 1597 ZONA CENTRAL,2
2330,7966,-17.8294337,-63.1764794,ESTACION DE SERVICIO LA COLORADA,RADIAL 13 Y QUINTO ANILLO,7
2332,7741,-16.5231992,-68.1579665,ESTACION DE SERVICIO DRAGON DE ORO,EL ALTO - AV. CIVICA NO. 800 ,2
2333,7933,-19.4806486,-65.8053896,ESTACION DE SERVICIO GUADALUPE POTOSI,POTOSI/TAMBO PAMPA S/N/ZONA TARAPAYA DEL DEPARTAMENTO DE POTOSI,5
2335,7693,-17.8320586,-63.2316122,ESTACION DE SERVICIO YOTAU SRL,KM. 6 1/2 DOBLE VIA LA GUARDIA,7
2338,7894,-19.5525017,-65.4633749,ESTACION DE SERVICIO CONTRERAS,CARRETERA POTOSI SUCRE KM 47,5
2339,7845,-21.5461962,-64.7016073,TACUARANDI S.R.L.,ZONA MORROS BLANCOS-AV. PANAMERICANA ESQUINA CALLE HNA. ANA CONCHENTINA S/N,6
2341,64699,-21.54212,-64.72394,ESTACION DE SERVICIOS LA TERMINAL S.A.,AV. VICTOR PAZ ESQ. ARTURO SORUCO NRO S/N ZONA: EL TEJAR,6
2345,7987,-19.5822557,-65.7435412,ESTACION DE SERVICIO TICKA LOMA,AV. CIRCUNVALACION S/N/CIUDAD DE POTOSI,5
2346,7822,-19.5934524,-65.7392421,ESTACION DE SERVICIO SEÑOR DE LA VERACRUZ S.R.L.,AV. CRICUNVALACION S/N/ZONA PAMPA INGENIO/CIUDAD DE POTOSI,5
2348,7705,-18.2788994,-66.8523236,"ESTACION DE SERVICIO ""FOR-CE"" S.R.L.",ZONA SACSANI KM. 2 LOCALIDAD DE HUANUNI - DPTO. DE ORURO,4
2350,1248,-21.9938857,-63.6726739,ESTACION DE SERVICIO COPACABANA S.R.L.,AVENIDA SAN GERONIMO Nro S/N ZONA LA ROTONDA,6
2353,11806,-17.9732198,-67.0872,QV2 SERVICE,CARRETERA ORURO - VINTO KM.1 Nro S/N ZONA: ESTE,4
2355,7791,-17.9807966,-67.1258911,"ESTACION DE SERVICIO ""ATLANTIDA"" S.R.L.",ORURO - AV. ESPAÑA ESQ. LA SALLE S/N UB: S/N MZNO: S/N   ZONA: SUD,4
2356,7789,-17.9363408,-67.0932275,"ESTACION DE SERVICIO ""NICTINA"" S.R.L.",ORURO - CAMINO A CAPACHOS KILOMETRO 1 1/2 ENTRE CALLE 3 Y CALLE K NRO S/N MZNO: S/N ZONA: NORTE,4
2357,7734,-17.9445196,-67.1004045,"ESTACION DE SERVICIO ""LUCIFER""","ORURO-CIRCUNVALACION CALLE ""A"" NRO 80 ZONA NORESTE",4
2359,8065,-16.52627,-68.21411,ESTACION DE SERVICIO EL PARAISO S.R.L.,"AV. A-4 JUNIN NRO 1615, VILLA ADELA, ZONA PARAISO",2
2360,7906,-16.4871116,-68.1721988,ESTACION DE SERVICIO YUPANQUI,"CALLE INGAVI NRO 60, ZONA ALTO LIMA",2
2361,7732,-16.493952,-68.1958983,ESTACION DE SERVICIO CRISTO REY,AVENIDA JUAN PABLO II ESQUINA LISBOA S/N ZONA 16 DE JULIO,2
2362,4977,-11.0048128,-66.0463363,HEROES DEL CHACO,AV. HEROES DEL CHACO BARRIO LOS ALMENDROS,8
2364,2024,-21.5420577,-64.7075786,SOINTA S.R.L.,TARIJA- AV. CIRCUNVALACION NRO S/N ZONA MORROS BLANCOS,6
2384,7798,-16.4828422,-68.1454464,CRISTO AUTOGAS SOCIEDAD DE RESPONSABILIDAD LIMITADA,AVENIDA CHACALTAYA NRO.804 ZONA ACHACHICALA,2
2386,945,-21.53627,-64.74234,ESTACION DE SERVICIOS TARIJA S.R.L.,AV. HEROES DE LA INDEPENDENCIA S/N ZONA: SAN MARTIN,6
2388,1929,-21.5441213,-64.711626,"ESTACION DE SERVICIO ""PANAMERICANO""",AV. JAIME PAZ ZAMORA NRO S/N ZONA: SAN GERONIMO,6
2390,2011,-21.5111041,-64.7487867,AGRUPA S.R.L.,TARIJA - AVENIDA PANAMERICANA Y CIRCUNVALACION NRO S/N ZONA ARANJUEZ,6
2391,7710,-17.3352264,-63.2596148,ESTACION DE SERVICIO EL BATO,MONTERO - AV. MONASTERIO ESQ. CIRCUNVALACION ZONA NORTE,7
2394,7913,-16.5309211,-68.3765398,"ESTACION DE SERVICIO ""VARELA""",LAJA: CARRETERA LA PAZ LAJA NO. 1000 ZONA: HUANCARANA,2
2395,8058,-16.5248904,-68.1703693,ZURSIL S.R.L. E.S.T.,"EL ALTO-AV. 6 DE MARZO  NRO 500 ZONA VILLA BOLIVAR ""E"" ",2
2404,8137,-17.5042122,-63.170174,"""RUTA NORTE"" S.R.L.",SANTA CRUZ - CARRETERA A MONTERO KM 30 Nro S/N ZONA: NORTE,7
2405,7899,-16.5153536,-68.1380444,ESTACION DE SERVICIO JAIMES FREYRE,LA PAZ - C JAIMES FREYRE 840 ZONA COTAHUMA,2
2408,8084,-17.3922171,-66.219124,ESTACION DE SERVICIO MONTERREY S.R.L.,AV. BLANCO GALINDO KM 6.7 ZONA: SANTA ROSA,3
2409,7903,-17.3917709,-66.2087413,ESTACION DE SERVICIO LAS ISLAS,AVENIDA BLANCO GALINDO KM 5 1/2 ESQUINA SEXTA S/N,3
2411,47175,-17.7523549,-63.1634259,ESTACION DE SERVICIO ORSA S.R.L.,AV. NICOLAS SUAREZ ESQ AV. ALEMANIA S/N ZONA NORTE,7
2415,7991,-17.291274,-63.8450949,COMERCIALIZADORA DE HIDROCARBUROS ABJ S.R.L.,SAN JUAN - SAN JUAN - COLONIA JAPONESA,7
2416,7725,-17.4195787,-66.1521789,SURTIDOR NISSAN,COCHABAMBA - AV. PETROLERA KM 1 NRO S/N ZONA: SUD,3
2417,7868,-17.3800664,-65.9797547,ISABEL CHAVEZ,AV. PETROLERA KM 9 ZONA: USPA-USPA.,3
2424,8168,-17.5295658,-63.162146,ESTACION DE SERVICIO LA ESQUINA,SANTA CRUZ - KM. 28 CARR. MONTERO ESQ. LA BELGICA Nro S/N MZNO:01 ZONO: NORTE,7
2425,7947,-22.0812572,-65.5930078,"ESTACION DE SERVICIO ""VILLAZON""",ZONA NOR ESTE CALLE SUIPACHA ESQUINA COBIJA S/N,5
2444,8023,-22.0690118,-65.5941058,COOPERATIVA DE TRANSPORTE INTERNACIONAL DEL SUD R.L.,AVENIDA TUMUSLA NRO 801 ZONA NORTE VILLAZON-POTOSI,5
2446,8115,-17.8341665,-63.2072404,EMPRESA DE SERVICIOS 8 DE NOVIEMBRE LTDA.,ZONA VILLA ORTUÑO AVENIDA MOSCU NRO 5358,7
2447,8144,-16.0536873,-68.6811199,ESTACION DE SERVICIO ACHACACHI S.R.L.,ACHACACHI-AV. LA PAZ NO. 100 ZONA SUR,2
2448,7782,-16.5102546,-68.2700589,"ESTACION DE SERVICIOS ""CHUSAMARCA""",EL ALTO CARRETERA  DESAGUADERO COMUNIDAD  CHUSAMARCA Nro S/N ZONA : CHUSAMARCA,2
2449,1401,-16.5705192,-68.6714035,ESTACION DE SERVICIO TIAHUANACU,MANCO KAPAC CARRETERA LA PAZ DESAGUADERO KM 71 NRO  S/N Z/ MASAYA,2
2450,8078,-16.5949382,-68.9363197,"ESTACION DE SERVICIO "" LOZA DE ORO """,PROVINCIA INGAVI-CARRETERA A DESAGUADERO KM 78 S/N ZONA: YANARI,2
2453,7808,-15.8438487,-67.5611406,"ESTACION DE SERVICIO ""ADALUZ PETROL""",CARANAVI- CARRETERA A CARANAVI KM 7 NroS/N ZONA :BELLA VISTA ,2
2454,7768,-16.5294704,-68.1717442,ESTACION DE SERVICIO LAREDO S.R.L.,"EL ALTO - AV. 6 DE MARZO NO. 1962 ZONA VILLA BOLIVAR ""E""",2
2455,7813,-17.3925976,-66.1889949,ESTACION DE SERVICIO LOS ALAMOS,AVENIDA BLANCO GALINDO  KILOMETRO 3 1/2  ESQUINA CALLE LOS ALAMOS  NRO S/N VILLA BUSCH NORTE,3
2456,7945,-19.0021867,-65.2167964,COOPERATIVA DE TRANSPORTES DE CARGA NACIONAL E INTERNACIONAL MARISCAL SUCRE LTDA,COMUNIDAD LA ZAPATERA KILOMETRO 4 CARRETERA A COCHABAMBA,1
2457,7853,-16.4701983,-68.2920287,ESTACION DE SERVICIO M&G CAMINO REAL,LA PAZ CARRETERA COPACABANA KM 10 NRO 1000 ZONA POMAMAYA ALTA,2
2458,7878,-19.1252629,-65.262671,ESTACION DE SERVICIO SUPER GRIFO,SUCRE CARRETERA SUCRE POTOSI KM 10,1
2459,7986,-17.3971515,-63.9265002,ESTACION DE SERVICIO SAN SALVADOR,YAPACANI - KM. 9 CARRET. YAPACANI - SANTA CRUZ Nro S/N ZONA: B/ SINDICATO BOLIVAR,7
2462,57136,-17.42047,-66.15268,ESTAGAS SOCIEDAD DE RESPONSABILIDAD LIMITADA ESTAGAS S.R.L.,COCHABAMBA - AV. PETROLERA KM 1 NRO 2827 ESQ. SAMAYPATA ZONA SUD,3
2464,7778,-17.7684562,-63.2076926,"EMPRESA DAVILA IMPORTADORA - EXPORTADORA S.R.L. ""DAIMPORT - EXPORT LTDA.""",SANTA CRUZ - AV. 4TO ANILLO Nro S/N ZONA: EL MILAGRO,7
2465,7861,-17.7733931,-63.1907861,"ESTACION DE SERVICIO ""LA CIMA""",2DO. ANILLO AV. BUSCH,7
2466,12397,-18.7874756,-63.3142455,ESTACION DE SERVICIO PIRAI S.R.L. SUCURSAL 1,"CABEZAS, CARRETERA A CAMIRI KM. 122.",7
2468,7999,-17.759693,-63.0137195,ESTACION DE SERVICIOS VIRGEN DE COTOCA S.R.L.,SANTA CRUZ - KM 18 CARRETERA A COTOCA Nro S/N UV:000 MZNO:000 ZONA: ESTE,7
2470,7728,-16.53892,-68.0874,AUTOMOVIL CLUB BOLIVIANO,CALACOTO - CALLE 12 ESQ. GRAL INOFUENTES - NRO 7823,2
2471,7694,-17.7960396,-63.1570343,ESTACION DE SERVICIO TRES PASOS AL FRENTE,SANTA CRUZ-AV. TRES PASOS AL FRENTE ESQ. 3ER ANILLO NRO 480 ZONA SURESTE,7
2472,7805,-21.5666524,-64.6700224,ESTACION DE SERVICIOS EL PORTILLO S.R.L.,CARRETERA AL CHACO KM. 7 S/N ZONA EL PORTILLO,6
2475,8082,-17.7683192,-63.1533929,"ESTACION DE SERVICIOS ""EL TERO TERO DE CHICHITA""",AV. PARAGUA ENTRE 3ER Y 4TO ANILLO,7
2476,7820,-17.7408547,-63.1475764,YVU CENTRO DE SERVICIOS Y COMERCIO S.R.L.,AV. 2 DE AGOSTO ESQUINA 6TO. ANILLO,7
2478,7678,-16.5397801,-68.0570783,ESTACION DE SERVICIO CHASQUIPAMPA S.R.L,COTA-COTA. AV.MUÑOZ REYES ESQUINA CALLE 35 NRO S/N,2
2479,1049,-16.5151208,-68.1197745,AUTOMOVIL CLUB BOLIVIANO,SAN JORGE AV. 6 DE AGOSTO NRO 2993,2
2481,7792,-19.581996,-65.7821187,ESTACION DE SERVICIO CANTUMARCA,"AV. FINAL LA PAZ ""CANTUMARCA""",5
2482,8030,-20.0176701,-63.5311752,ESTACION DE SERVICIO CORDILLERA LA WILLIAMS,CAMIRI - AV.HUMBERTO SUAREZ ROCA NRO S/N UV: S/N ZONA NORTE,7
2484,7882,-20.0212745,-63.531341,ESTACION DE SERVICIO CEDE�O,AVENIDA HUMBERTO SUAREZ ROCA S/N,7
2485,7888,-17.7925713,-63.1276599,"ESTACION DE SERVICIO ""VERGARA""",SANTA CRUZ - AV. CUMAVI Nro 5064 ZONA: VILLA 1 DE MAYO,7
2486,7740,-17.346984,-66.1999537,VENICIA ALANEZ JIMENES,AV. ECOLOGICA S/N ZONA TROJES,3
2487,8136,-16.2954434,-68.5359802,ESTACION DE SERVICIO BATALLAS S.R.L. E.S.B.A. S.R.L.,BATALLAS KM. 57 CARRETERA PANAMERICANA NO. S/N ZONA: BATALLAS,2
2489,7811,-17.3702159,-66.1426161,ESTACION DE SERVICIO ARANJUEZ,AV. GENERAL GALINDO NRO 1472,3
2490,1776,-16.5183777,-68.1671585,SURTIDOR VICTORIA S.R.L.,AV. 6 DE MARZO. CARRETERA A ORURO Nro220 - ZONA 12 DE OCTUBRE,2
2491,7949,-19.0200526,-65.2494171,ESTACION DE SERVICIO EL MORRO,AV.MARCELO QUIROGA SANTA CRUZ S/N A 100 MTS ROTONDA DE FANCESA,1
2492,7963,-17.81038,-63.21002,ESTACION DE SERVICIO DAVILA S.R.L,CUARTO ANILLO ENTRE AV. GRIGOTA Y RADIAL 17 1/2,7
2493,7828,-16.541148,-68.1964379,ESTACION DE SERVICIO ALTAMIRANO S.R.L.,EL ALTO - CALLE 8 DE DICIEMBRE CARRETERA VIACHA KM. 7 NO. 2002 ZONA: V. CONCEPCION,2
2494,7793,-19.0334397,-65.2444913,ESTACION DE SERVICIO SURTIDOR CANEDO ZONA MESA VERDE,AV. MARCELO QUIROGA SANTA CRUZ Nro S/N,1
2499,7744,-16.5293839,-68.100637,CARBURANTES DEL SUR SOCIEDAD DE RESPONSABILIDAD LIMITADA,CALLE 17 DE OBRAJES ESQUINA AVENIDA 14 DE SEPTIEMBRE NRO 40 - ZONA OBRAJES,2
2500,2002,-21.2568615,-63.4558725,ESTACION DE SERVICIO CAIGUAMI S.R.L.,VILLAMONTES- CARR. SANTA CRUZ KM 1 NroS/N MZNO: ZONA EL CHAÑAR,6
2501,8133,-19.0850269,-65.2314466,ESTACION DE SERVICIO AZARI,AV. DIAGONAL JAIME MENDOZA CAMINO A YAMPARAEZ S/N ZONA AZARI,1
2502,7936,-19.3811395,-65.9168204,"ESTACION DE SERVICIO ""IMPERIAL POTOSI II""",CARRETERA POTOSI - ORURO KM 46/YOCALLA,5
2505,7790,-16.4291369,-68.0710634,"ESTACION DE SERVICIO ""CHALY""",LA PAZ - AVENIDA RAMIRO CASTILLO NRO 20 ZONA: URUJARA,2
2507,7967,-16.5690573,-69.0291847,ESTACION DE SERVICIOS DESAGUADERO S.R.L.,AVENIDA JESUS DE MACHACA S/N ZONA DESAGUADERO,2
2508,8112,-16.4360367,-68.0790886,ESTACION DE SERVICIO MARANATHA,LA PAZ-CARRETERA A LA PAZ-COTAPATA ZONA:URUJARA,2
2514,7747,-19.5594088,-65.7619363,"ESTACION DE SERVICIO ""MONTE ROCA"" PRODUCTOS Y SERVICIOS",AV. LAS BANDERAS S/N ZONA: NUEVA TERMINAL,5
2515,7745,-19.5649919,-65.7717719,SERVICIO DE LUBRICANTES DELIA,AV. PANAMERICANA S/N/ZONA CHAPINI BAJO/CIUDAD DE POTOSI,5
2516,7875,-17.4559776,-63.6679786,COMPAÑIA COMERCIALIZADORA BOLIVIANA DE HIDROCARBUROS CONFI S.R.L.,"SANTA CRUZ - AVENIDA RADIAL 10, Nro 12, UV:44, MZNO:26, ZONA:POLANCO",7
2517,12196,-17.3715106,-67.6819634,ESTACION DE SERVICIO ISSUCADELA S.R.L.,PATACAMAYA,2
2518,7877,-16.5627517,-68.0951586,SALIDA LTDA.,LA PAZ - AV. ALTAMIRANO NRO.3 UV: S/N MZNO: S/N ZONA: MALLASILLA,2
2519,7837,-17.1159927,-63.5951715,SURTIDOR EL PATUJU,SANTA ROSA DEL SARA - KM. 120 NO S/N  ZONA: NORTE,7
2520,1511,-16.544748,-68.076583,ESUR G.H.S. LTDA.,CALLE 21 #8475 CALACOTO,2
2522,50330,-17.39682,-66.2035,ESTACION DE SERVICIO CAPITAN VICTOR USTARIZ,AVENIDA CAPITAN USTARIZ KM. 51/2 NRO S/N ZONA COÑA COÑA SUD,3
2523,7699,-17.3875782,-66.167336,ESTACION DE SERVICIO DORBIGNI,AV. DORBIGNI NRO 1201 ZONA VILLA GALINDO,3
2525,8056,-16.560009,-68.1823432,ESTACION DE SERVICIO 6 DE MARZO,EL ALTO - AV. 6 DE MARZO CARRETERA A ORURO NRO 777 ZONA: PUCARANI,2
2526,7771,-16.5037285,-68.1211318,SIEMPRE A FULL MIRAFLORES S.R.L. SAF S.R.L.,PLAZA SAN MARTIN NO 1313 Z. MIRAFLORES,2
2528,1894,-22.7341858,-64.3352286,ESTACION DE SERVICIO RIO BERMEJO,AVENIDA BOLIVAR ESQUINA BELGRANO Nro647 ZONA AVAROA,6
2529,7758,-16.534371,-68.1734374,ESTACION DE SERVICIO CANDELARIA LTDA,AVENIDA 6 DE MARZO NRO 100 ZONA VILLA BOLIVAR E,2
2530,7763,-16.5492658,-68.2047146,"ESTACION DE SERVICIO ""APOSTOL SANTIAGO""",EL ALTO-CARRETERA A VIACHA NRO 500 ZONA URB. VILLA ADELA,2
2531,7939,-19.0167227,-65.2567667,ESTACION DE SERVICIO TREBOL S.R.L.,AV. CIRCUNVALACION ESQ. JULIO VILLA S/N,1
2532,7752,-16.4889724,-68.121375,ESTACION DE SERVICIO KANTUTA S.R.L.,"AVENIDA BUSCH, ESQ. CALLE HONDURAS N 885 ZONA MIRAFLORES",2
2534,7738,-16.6009017,-68.070438,SURTIDORES UNITOURS LTDA.,LA PAZ - AV. PRINCIPAL NRO. S/N ZONA JUPAPINA,2
2535,9458,-17.9482802,-67.0984532,ESTACION DE SERVICIO R Y G CIRCUNVALACION S.R.L.,AV. CIRCUNVALACION Y FINAL BENI,4
2536,7829,-16.5005036,-68.1058888,SOCIEDAD INDUSTRIAL COMERCIALIZADORA Y EXPORTADORA G.L.P.H. LTDA.,LA PAZ - AV CIRCUNVALACION ESQUINA CALLE VARGAS NRO 51 ZONA PAMPAHASI,2
2537,1450,-19.8802001,-65.681465,ESTACION DE SERVICIO SUPER GRIFO,CARRETERA POTOSI TARIJA/LOCALIDAD DE CUCHU INGENIO/POTOSI,5
2539,7997,-16.4658972,-68.3045336,GASOLINERA CUCUTA,LA PAZ - CUCUTA CARRETERA A HUARINA NRO S/N ZONA: CUCUTA,2
2542,7919,-16.5266201,-68.1118142,ESTACION DE SERVICIO COSTANERA S.R.L.,AVENIDA COSTANERITA CALLE NRO 5 NRO 333 ZONA OBRAJES,2
2543,7817,-17.4067161,-66.1449663,ESTACION DE SERVICIO CIRCUITO BOLIVIA S.A.,AVENIDA 6 DE AGOSTO ESQUINA CIRCUITO BOLIVIA  S/N FRENTE A  LAGUNA ALALY PLENA ESQUINA DE LA ZONA CERRO VERDE,3
2545,7783,-19.0148745,-65.2855142,ESTACION DE SERVICIO OQHARIKUNA S.R.L.,AV. JUANA AZURDUY DE PADILLA S/N,1
2547,7686,-16.6300363,-68.1823827,ESTACION DE SERVICIO SAN SEBASTIAN S.R.L.,LA PAZ - URB. SAN SEBASTIAN Nro 30 ZONA: SENKATA,2
2548,7687,-16.4927004,-68.2166135,ESTACION DE SERVICIO SEÑOR DE MAYO S.R.L.,CARRETERA A LAJA URB. YUNGUYO N 30 ZONA RIO SECO,2
2549,7851,-19.0076296,-66.7757258,ESTACION DE SERVICIO DELMAR,SANTIAGO DE HUARI - AV. SEBASTIAN PAGADOR NRO S/N MZNO: S/N ZONA: NORTE,4
2551,7702,-19.0513711,-65.2482104,INVERSIONES JANA S.A.,ZONA POCONAS - BARRIO SAN JOSE - AV. JAIME MENDOZA Nro 260 - EDIFICIO SURTIDOR,1
2552,7849,-16.480782,-68.1854033,ALTO LIMA S.R.L.,AVENIDA 10 ESQUINA CALLE SUCRE - ZONA ALTO LIMA CIUDAD DE EL ALTO DEL DEPARTAMENTO DE LA PAZ,2
2555,7812,-17.412664,-66.1550514,EL MANANTIAL CENTRO DE SERVICIOS Y COMERCIO S.R.L.,AV. 6 DE AGOSTO # 159,3
2556,7834,-17.3828462,-66.1605249,ESTACION DE SERVICIO AYACUCHO,COCHABAMBA - AV. AYACUCHO NRO 894 ZONA CENTRAL NORTE,3
2557,8006,-16.7183435,-68.1862465,ESTACION DE SERVICIO FULL TANK DE AMILCAR DIPP MERCADO,VIACHA ACHICA ARRIBA NRO S/N ZONA ACHICA ARRIBA,2
2559,8002,-21.2519824,-63.4528171,"ESTACION DE SERVICIO ""EL CHAÑAR""",VILLA MONTES - CARRETERA A SANTA CRUZ KM. 1 Nro S/N MZNO: S/N ZONA: EL CHAÑAR,6
2562,8009,-17.5392932,-65.8483072,ESTACION DE SERVICIO PUNATA,AV. SILES NO.10 PUNATA,3
2563,7968,-16.7264829,-68.1855839,ESTACION DE SERVICIO CHALLAPAMPA S.R.L.,CARRETERA LA PAZ - ORURO KM. 15 1/2 S/N ZONA ACHICA ARRIBA,2
2564,7718,-17.9273092,-67.1196353,ESTACION DE SERVICIO NUESTRA SEÑORA DEL SOCAVON,AV. TOMAS BARRON Y CIRCUNVALACION N S/N ZONA NORTE,4
2565,7780,-17.3563207,-63.3984079,ESTACION DE SERVICIO PORTACHUELO LTDA.,PORTACHUELO - AVENIDA ICHILO Nro S/N. ZONA: NORTE,7
2567,8089,-17.8004178,-63.140514,GAS DEL ESTE S.R.L,AV. 3 PASOS AL FRENTE ESQ. GENERAL CAMPERO NRO 3000,7
2571,7711,-17.00482,-68.06671,ESTACION DE SERVICIO TOLAR S.R.L.,AYO AYO CARRETERA ORURO KM 70 AV. PANORAMICA ZONA TARACOLLO,2
2575,7841,-17.8524029,-63.25491,ESTACION DE SERVICIO EMANUEL S.R.L.,KILOMETRO 10 DOBLE VIA  LA GUARDIA  NRO S/N MANZANO 88  ZONA SUR,7
2577,7886,-19.6659528,-67.659668,"ESTACION DE SERVICIO ""R.&T."" S.R.L.",ORURO AV. ANTOFAGASTA S/N ZONA SUD,4
2578,7840,-17.405131,-66.1797237,PETROGAS SERVICIOS PETROLEROS S.R.L.,COCHABAMBA- AV. INGAVI ESQUINA DANIEL CAMPOS NRO S/N ZONA: CHIMBA,3
2580,8145,-14.7254061,-68.4152428,ITURRALDE S.R.L.,TRINIDAD-C/ ORURO ESQ. VACA DIEZ NO. 701 ZONA NORTE LOCALIDAD DE APOLO,2
2582,7904,-17.7650567,-63.0932593,ESTACION DE SERVICIO GUAYACAN SRL,KM. 9 1/2 CARRETERA SANTA CRUZ COTOCA S/N,7
2584,8068,-16.9795769,-65.4279702,ESTACION DE SERVICIO EL TROPICO SRL,AV. INTEGRACION KM 159 VILLA TUNARI,3
2585,7862,-17.9592461,-67.1062754,DISTRIGAS ESTACION DE SERVICIO 6 DE AGOSTO,CALLE VELASCO GALVARRO ESQUINA OBLITAS NRO 138 ZONA: CENTRAL,4
2589,7658,-18.5931053,-66.9248102,ESTACION DE SERVICIO GRAN PODER,PAZ A CARRETERA PANAMERICANA ORURO - POTOSI Nro S/N ZONA: NORTE,4
2590,8000,-17.1273594,-63.2303095,"ESTACION DE SERVICIO "" EL AGRICULTOR """,MINERS - AVENIDA SANTA CRUZ Y CALLE JUAN BEJARANO,7
2592,7670,-17.8164,-63.11614,"ESTACION DE SERVICIO ""APAZA""",SANTA CRUZ - AV. COLECTORA Nro S/N UV: 102 MZNO: 5 ZONA: SUD,7
2593,7675,-17.6918067,-63.1589458,ESTACION DE SERVICIO BIOCEANICA S.R.L,KM 8 1/2 CARRETERA AL NORTE ZONA: LAS PAMPITAS,7
2595,7704,-19.2813284,-68.6138834,ESTACION DE SERVICIO PISIGA,ORURO - AV. INTERNACIONAL POBLACION DE PISIGA BOLIVAR Nro S/N ZONA: ESTE,4
2597,8083,-17.4033052,-66.1575588,TERMINAL DE BUSES COCHABAMBA S.A.,AV. AYACUCHO Nro S/N EDIFICIO: TERMINAL DE BUSES ZONA: SUD,3
2598,1969,-17.3809691,-66.1422762,EL MANANTIAL CENTRO DE SERVICIOS Y COMERCIO S.R.L. SUC II,AV. JUAN DE LA CRUZ TORRES # 1005,3
2600,7895,-17.3920059,-66.2648048,ESTACION DE SERVICIO IQUIRCOLLO S.R.L.,COCHABAMBA-AV. BLANCO GALINDO KM 11 1/2 NRO S/N  UV: S/N MZNO: S/N ZONA: IQUIRCOLLO,3
2601,8048,-19.60685,-65.73998,ESTACION DE SERVICIO CARLOS V CAMINO CARRETERO POTOSI TARIJA,AV. CIRCUNVALACION S/N/ZONA CAMPAMENTO PAILAVIRI/CIUDAD DE POTOSI,5
2603,15021,-21.2678807,-63.4593335,ESTACION DE SERVICIO CAIGUAMI S.R.L. SUCURSAL 1,CALLE MENDEZ ARCOS ESQUINA EUSTAQUIO MENDEZ,6
2605,7703,-17.9635864,-67.0921567,"EMPRESA COMERCIALIZADORA DE CARBURANTES ORURO S.R.L. ""ECCO"" S.R.L.",AV. CIRCUNVALACION ESQ. PROLONGACION VILLARROEL S/N,4
2609,7860,-16.2869159,-67.8492935,"ESTACION DE SERVICIO ""COTA PATA"" S.R.L.","LA PAZ- CARRETERA  A NOR YUNGAS, KM 53 NroS/N ZONA S/Z",2
2610,7815,-16.5293895,-68.1957942,ESTACION DE SERVICIO LOZA,EL ALTO- AVENIDA BOLIVIA ESQUINA CALLE 1 NRO 200 UV: S/N MZNO: S/N ZONA: SAN LUIS TASA ,2
2612,9159,-17.432796,-66.1603725,GASNOR SERVICIOS PETROLEROS S.R.L. GASNOR S.R.L.,COCHABAMBA -AV. PANAMERICA NRO S/N ZONA:SUD,3
2615,1968,-17.3575562,-66.183896,EL MANANTIAL CENTRO DE SERVICIOS Y COMERCIO S.R.L. SUC I,AV. SIMON LOPEZ # 1930,3
2616,1104,-21.5231102,-64.1732884,ESTACION DE SERVICIO TELPEL,AV. EBERTO LEMA NO.- 936   ZONA CAÑAVERAL,6
2617,7766,-20.8349267,-65.660361,ESTACION DE SERVICIO SANTIAGO DE COTAGAITA,AV. LAS AMERICAS S/N/ZONA LLAJTA CHIMPA/COTAGAITA,5
2618,8073,-22.0812572,-65.5930078,DISTRIGAS,AV. FERROVIARIA S/N/ ZONA LOS ANDES/UYUNI,5
2620,7842,-16.4911559,-68.1400486,ESTACION DE SERVICIOS VOLCAN S.R.L.,AV. MONTES ESQ. PANDO NO. 101 ZONA SAN SEBASTIAN ,2
2622,7690,-16.6458922,-68.2926186,ESTACION DE SERVICIO QHANTATI S.R.L.,"AV. HACIA EL MAR NRO 52 ESQ. AV. 16 DE JULIO ZONA VILLA SARA VIACHA, LA PAZ - BOLIVIA",2
2624,7943,-18.279114,-69.0062857,PANAMERICANA INTERNACIONAL SRL. PAINTER SRL.,CARRETERA TAMBO QUEMADO,4
2627,7825,-21.4720998,-64.7576881,"ESTACION DE SERVICIO ""MOTO MENDEZ"" S.R.L.",TARIJA - CARRETERA A SAN LORENZO NRO S/N ZONA: RANCHO SUD,6
2630,1039,-16.5138359,-68.124996,EMPRESA COMERCIALIZADORA DE HIDROCARBUROS TUPAC KATARI S.R.L.,CALLE SANCHEZ LIMA Nro 100 ZONA SOPOCACHI,2
2633,8021,-17.3746605,-66.1567481,CENTRO DE SERVICIO PORTALEZ SRL,AV. SANTA CRUZ NRO 1400,3
2636,1064,-17.9575157,-67.093528,DISTRIGAS ESTACION DE SERVICIO 6 DE AGOSTO (SUCURSAL 6 DE AGOSTO II),AVENIDA CIRCUNVALACION Nro 100,4
2637,10206,-17.9771194,-67.0595169,ESTACION DE SERVICIO EBEN - EZER,AV. 24 DE JUNIO KM 5,4
2638,7722,-18.8877858,-66.7644209,ESTACION DE SERVICIO ?DON CARLOS? S.R.L.,"CHALLAPATA-CARRETERA PANAMERICANA, CHALLAPATA POTOSI KILOMETRO 1 NO S/N MZNO: S/N ZONA: ALTO DE LA ALIANZA",4
2639,14487,-20.8225145,-64.9480927,TEODOCIO LLANOS,"CULPINA - AV. LITORAL Nro S/N, ZONA: CENTRAL",1
2640,7854,-17.408221,-66.331176,COMPAÑIA COMERCIAL DE GAS COMPRIMIDO CGC SRL,CARRETERA CONFITAL KM 19 1/2,3
2641,1067,-17.6480082,-67.2140546,DISTRIGAS ESTACION DE SERVICIO 6 DE AGOSTO (SUCURSAL CARACOLLO),CARACOLLO - AV. PANAMERICANA,4
2642,1015,-21.523531,-64.7247382,ESTACION DE SERVICIOS AVENIDA CIRCUNVALACION S.R.L.,AV. CIRCUNVALACION S/N ALTURA QUEBRADA EL MONTE,6
2643,961,-17.3959165,-66.3202457,DISEL S.R.L. SUCURSAL 1,AVENIDA ALBINA PATIÑO S/N ZONA PURGATORIO - COCHABAMBA,3
2644,16719,-17.9606204,-67.0999381,DISTRIGAS ESTACION DE SERVICIO 6 DE AGOSTO (SUCURSAL TACNA),CALLE JOSE MARIA DALENCE ESQ. PROLONGACION EUSEBIO LIRA,4
2645,7858,-19.5725356,-65.7489917,ESTACION DE SERVICIO POTOSI,AV. CIRCUNVALACION ESQ. FINAL CHAYANTA S/N/ZONA SAN ROQUE/CIUDAD DE POTOSI,5
2646,3289,-22.7395357,-64.3342853,ESTACION DE SERVICIO EL CHORRO,"AV. VICTOR PAZ ESTENSORO, ZONA AZUCARERO",6
2647,7979,-16.6533184,-68.0359528,ESTACION DE SERVICIO TERRAGAS LTDA, LA PAZ - KILOMETRO 17 DE LA LOCALIDAD DE HUAJCHILLA Nro S/N ZONA MECAPACA ,2
2648,7957,-17.3934068,-66.1741594,AUTOMOVIL CLUB BOLIVIANO FILIAL COCHABAMBA - UNIDAD CARBURANTES S.R.L.,COCHABAMBA - AVENIDA BLANCO GALINDO KM. 1 1/2 Nro 171 EDIFICIO: AUTOMOVIL CLUB PISO: PRIMER ZONA: HIPODROMO,3
2650,7765,-17.6663169,-67.0466601,ESTACION DE SERVICIO ECG OCOTAVI,ORURO - CARRETERA ORURO COCHABAMBA KM 35 Nro S/N ZONA NORTE,4
2651,7929,-17.3959348,-66.3207946,EL VIAJERO COMBUSTIBLE Y SERVICIOS S.R.L.,AV. ALBINA PATIÑO KM 16.5 ESQ. CALLE ROSAS,3
2652,7776,-17.3963452,-66.1708979,ESTACION DE SERVICIO LAS PALMERAS S.R.L.,COCHABAMBA - AV. GENERAL CAMPERO ESQ. AV. USTARIZ NRO S/N ZONA: CHIMBA,3
2654,7847,-18.4785423,-64.1133555,"COOPERATIVA DE SERVICIOS PUBLICOS DE AGUA POTABLE Y ALCANTARILLADO ""MONTES CLAROS"" R.L.",CARRETERA KILOMETRO 1 CARRETERA SANTA CRUZ NRO. S/N ZONA NORTE,7
2656,7819,-17.4427554,-66.337881,ESTACION DE SERVICIOS SIPE SIPE S.R.L.,"ZONA MONTENEGRO,CARRETERA COCHABAMBA ORURO",3
2657,7804,-17.3795766,-66.1657508,SURTIDOR EL CRISTO,AVENIDA JUAN DE LA ROSA NRO 121,3
2658,8011,-17.4005138,-66.0465662,ESTACION DE SERVICIO TRANS SACABA S.A.,CALLE AYACUCHO NRO 700 ZONA MIRAFLORES,3
2662,7809,-16.5217104,-68.1572745,TEXAS S.R.L.,EL ALTO - AV. CIVICA SATELITE NO. 101 ZONA: TEJADA RECTANGULAR,2
2663,7677,-17.4161668,-66.0612373,"COMERCIALIZADORA ""QK"" S.R.L.","COCHABAMBA- AVENIDA. VILLAZON KM 11.1/2 NRO S/N EDIFICIO SURTIDOR ""QK"" ZONA:GUADALUPE",3
2665,7696,-16.9598794,-63.2214411,ESTACION DE SERVICIO MACONDO,SANTA CRUZ - CARRETERA SANTA CRUZ - MINERO KM. 1 Nro S/N ZONA: NORTE,7
2668,687,-17.5168483,-63.1642812,D-GAS S.A. SUCURSAL SANTA CRUZ,AV. 25 DE MAYO ESQUINA CARMELO CABALLERO Nro 001,7
2670,7942,-19.8012169,-63.9561995,COOPERATIVA INTEGRAL SAN JOSE OBREBRO MONTEAGUDO LTDA.,"AV. EL PORVENIR S/N, ZONA 1RO DE MAYO",1
2672,7786,-18.0015104,-67.1354663,ESTACION DE SERVICIO INTERNACIONAL EXCEL S.R.L.,AVENIDA DEHENE S/N SANTA CRUZ Y ANTOFAGASTA,4
2674,731,-17.9187956,-67.121199,ESTACION DE SERVICIO INTERNACIONAL EXCEL S.R.L. - NORTE,CARRETERA ORURO LA PAZ KM. 3 COMPRENSION CALA CAJA ZONA NORTE,4
2675,7848,-19.0383005,-65.2722009,ESTACION DE SERVICIO NAYLER,CHUQUISACA - AV. CIRCUNVALACION NRO S/N ZONA: QUIRPINCHACA,1
2677,41211,-16.1633901,-67.7220004,ESTACION DE SERVICIO BALLIVIANSANTABARBARA,CARRETERA CARANAVI KM 100ZONA SAN JOAQUIN,2
2678,7973,-17.1363161,-63.2285289,TARIFA S.R.L.,CARRETERA A MONTERO ESQUINA AV. CIRCUNVALACION B MINERITO,7
2679,7836,-17.3926172,-66.2686856,DISEL S.R.L.,AVENIDA BLANCO GALINDO K.M. 12.5 NRO S/N - ZONA IQUIRCOLLO - COCHABAMBA,3
2683,7917,-15.8350213,-67.5638174,ALVAPETROL,CARANAVI - AV. KILOMETRO 7 Nro S/N ZONA CENTRAL,2
2684,7930,-17.9857897,-67.135174,ESTACION DE SERVICIO NIÑO SALVADOR LTDA.,AV. CIRCUNVALACION Y DEHENE Nro 117,4
2685,8149,-15.8364732,-67.5566314,ESTACION DE SERVICIOS YARA S.R.L.,CARANAVI- C MCAL SANTA CRUZ VILLA YARA,2
2688,7810,-21.5538205,-64.6905788,ESTACION DE SERVICIO SAN JORGE S.R.L.,TARIJA - AV. PANAMERICANA CARRETERA A BERMEJO NRO S/N ZONA: SAN JORGE II,6
2689,957,-16.486475,-68.1914183,DISTRIBUIDORA DE GASOLINA Y LUBRICANTES SAN PABLO (SUCURSAL NRO. 1),EL ALTO AV. PUCARANI ESQUINA SUCRE NO. 45,2
2690,7915,-16.5167508,-68.1735828,ESTACION DE SERVICIO SAN PABLO VILLA BOLIVAR S.R.L.,"EL ALTO - CARRETERA VIACHA Nro52 ZONA VILLA BOLIVAR ""B""",2
2692,7941,-17.9768031,-67.0605576,ESTACION DE SERVICIO VINTO E S VINTO,CARRETERA VINTO KM. 3.5 NRO S/N,4
2693,7923,-17.8920748,-63.3258387,"ESTACION DE SERVICIO ""LA GUARDIA""",CARRETERA KM 20 CARRETERA ANTIGUA A CBBA. ZONA NOROESTE,7
2694,7748,-16.6151228,-68.183338,"ESTACION DE SERVICIO ""MUNDIAL""",EL ALTO-CARRETERA A ORURO Nro S/N ZONA: VENTILLA,2
2696,7660,-16.4677976,-68.1138289,ESTACION DE SERVICIO JACHA INTI S.R.L.,LA PAZ-AV.PRINCIPAL NO. 40 ZONA: VILLA EL CARMEN,2
2697,7916,-17.4000347,-66.0437716,ESTACION DE SERVICIO CHIMBOCO,AV. BARRIENTOS S/N KM 14.5 ZONA CHIMBOCO,3
2698,7905,-16.4862976,-68.2239427,"ESTACION DE SERVICIO ""CUENTAS SAN PABLO II S.R.L.",EL ALTO - AV. PANAMERICANA NRO 448 ZONA MARISCAL SUCRE,2
2700,958,-16.5179594,-68.1567036,DISTRIBUIDORA DE GASOLINA Y LUBRICANTES SAN PABLO SUCURSAL 2,EL ALTO AV. EA V. TEJADA TRIANGULAR CIVICA,2
2701,7807,-18.1212038,-63.9594779,ESTACION DE SERVICIO VALLES CRUCEÑOS,CARRETERA ANTIGUA SANTA CRUZ-COCHABAMBA KM.137: ZONA NORTE,7
2703,7721,-16.5563406,-68.1798109,ESTACION DE SERVICIO ZOFRI S.R.L.,LA PAZ - AV. 6 DE MARZO (ANTIGUA CARRETERA A ORURO) NRO 279 ZONA: ROSAS PAMPA,2
2704,8014,-20.6505657,-65.2128076,ESTACION DE SERVICIO CINTI S.R.L.,S/N ZONA:CAPILLA,1
2705,7883,-18.9986667,-65.2224237,ESTACION DE SERVICIO MARIA ALEJANDRA,SUCRE - CARRETERA A COCHABAMBA KM 9 1/2 NRO S7N ZONA: ZAPATRA,1
2706,7983,-17.8415849,-63.1099365,ESTACION DE SERVICIO R & E 3000 S.R.L.,SANTA CRUZ DE LA SIERRA- AVENIDA PAURITO Nro S/N UV: 162 MZNO 16 ZONA: PLAN 3000,7
2709,2118,-17.4063164,-66.0063713,ESTACION DE SERVICIO TRANS SACABA S.A.II,CARRETERA NUEVA A SANTA CRUZ KM.18 1/2,3
2711,8007,-15.5617541,-67.3761754,ESTACION DE SERVICIO PARAISO TROPICAL,"PUENTE ALTO BENI, SANTA ANA DE BELLAVISTA, PROVINCIA CARANAVI, DEPARTAMENTO LA PAZ",2
2715,7850,-17.43639,-67.52053,ESTACION DE SERVICIO KONANI S.R.L.,EL ALTO - CALLE 4 NRO 121 ZONA VILLA AROMA,2
2716,7688,-16.4559605,-68.0998086,GAS-MAY S.R.L.,LA PAZ AV. LA PAZ CARRETERA A YUNGAS NRO 8 ZONA CHUQUIAGUILLO,2
2718,8134,-16.3674266,-60.9713147,ESTACION DE SERVICIOS SAN IGNACIO DE VELASCO,AV. SANTA CRUZ ESQ. PADRE SALVADOR S/N,7
2719,3245,-19.0513711,-65.2482104,INVERSIONES JANA S.A.,ZONA POCONAS - BARRIO SAN JOSE - AV. JAIME MENDOZA Nro 260 - EDIFICIO SURTIDOR,1
2720,7720,-18.890151,-66.766162,ESTACION DE SERVICIO HECTOR CARLOS FAJARDO MENDOZA,AV. ALTO DE LA ALIANZA SALAMANCA Y PASAJE AVAROA S/N ZONA NORTE,4
2722,13302,-18.3389414,-59.7669055,CIRO ROMERO ESTRADA,"ROBORE C/TARIJA ESQ. PANDO NO.3172, UV-005  MZNO. 000 ZONA ALTAMIRA",7
2724,7769,-17.7577968,-63.1778688,"COMPAÑIA BOLIVIANA DE GAS NATURAL COMPRIMIDO ""GENEX S.A.""",SANTA CRUZ - AV. CRISTO REDENTOR ESQ. 3ER ANILLO NRO S/N UV: 037 MZNO: 002 ZONA: B/HAMACAS,7
2725,7940,-21.4465392,-65.7131816,ESTACION DE SERVICIO 4 DE JUNIO,AV. JOSE LUIS SAN JUAN GARCIA S/N,5
2726,7938,-17.3179285,-63.2802024,"ESTACION DE SERVICIO ""R A""",MONTERO - CARRETERA MONTERO - PORTACHUELO A 200 M DE LA TRANCA NroS/N MZNO: 0095 ZONA: NORTE,7
2727,7944,-22.0715781,-65.5954448,ESTACION DE SERVICIO 20 DE MAYO LTDA.,AV. ANTOFAGASTA S/N FINAL,5
2728,7924,-19.312374,-64.2990112,ESTACION DE SERVICIO BUEN RETIRO,PADILLA- PAMPA DE LA CALDERA S/N,1
2729,7683,-17.4086919,-66.1729364,ESTACION DE SERVICIO AEROPUERTO SRL.,AV. 6 DE AGOSTO Y LUIS URIONA S/N,3
2730,639,-17.7752221,-63.165249,"COMPAÑIA BOLIVIANA DE GAS NATURAL COMPRIMIDO ""GENEX S.A."" - SUCURSAL S.C. - ZONA GUALBERTO VILLARROEL",SANTA CRUZ - AV. CRISTO REDENTOR ESQ. 3ER ANILLO NRO S/N UV: 037 MZNO: 002 ZONA: B/HAMACAS,7
2731,8124,-19.1222407,-64.7016952,ESTACION DE SERVICIO MURILLO,DIAGONAL JAIME MENDOZA S/N - ZONA SANTA BARBARA - ZUDAÑEZ,1
2736,8103,-11.2078694,-68.978667,ESTACION DE SERVICIO TISTY ,PANDO - AV. 9 DE FEBRERO Nro S/N ZONA:SENAC,9
2740,7900,-17.0453354,-64.8616689,SILVIA ELIZABETH CESPEDES AGUILAR,COCHABAMBA - CARRETERA A SANTA CRUZ KM 220 NRO S/N ZONA: IVIRGARZAMA,3
2742,8098,-17.3715106,-67.6819634,ESTACION DE SERVICIO LAHUACHACA Y DISTRIBUCION DE GLP,LA PAZ- AV. PANAMERICANA CARRETERA LA PAZ-ORURO KM. 35 S/N ZONA: LAHUACHACA,2
2743,7760,-17.7774896,-63.215719,"EMPRESA COMERCIAL VANGUARDIA EN GAS ""VANGAS S.A.""",SANTA CRUZ DE LA SIERRA-AV.HERNANDO SANABRIA ESQ.4TO ANILLO Nro S/N UV:56 MZNO:51 ZONA: B/4 DE NOVIEMBRE,7
2744,652,-17.7772611,-63.139859,"COMPAÑIA BOLIVIANA DE GAS NATURAL COMPRIMIDO ""GENEX S.A."" - SUCURSAL S.C.-ZONA GUARACACHI",SANTA CRUZ - AV. CRISTO REDENTOR ESQ. 3ER ANILLO NRO S/N UV. 037 MZNO.002 ZONA: B/HAMACAS,7
2746,7707,-16.4915498,-68.1998734,CORTEZ & CORTEZ S.R.L.,LA PAZ AV. JUAN PABLO II EL ALTO Nro 4444 ZONA VILLA ESPERANZA,2
2747,40641,-16.5303423,-68.1875635,ESTACION DE SERVICIO CALUYO S.R.L.,EL ALTO CARRETERA A VIACHA NRO 71 ZONA VILLA PACAJES,2
2751,7893,-17.3616435,-63.410435,"ESTACION DE SERVICIO ""SAN SILVESTRE""",PORTACHUELO - CARRETERA PORTACHUELO KM. 71 Nro S/N ZONA: OESTE,7
2752,7833,-16.5100304,-68.1598093,LUCAS YUPANQUI QUISPE,CALLE 5 NRO.1026 ZONA VILLA DOLORES,2
2753,7891,-16.9963069,-65.1609241,ESTACION DE SERVICIO CHIMORE,CARRETERA NUEVA COCHABAMBA - STA CRUZ KM 198 LOCALIDAD CHIMORE,3
2754,654,-17.76034,-63.15796,"COMPAÑIA BOLIVIANA DE GAS NATURAL COMPRIMIDO ""GENEX S.A."" - SUCURSAL S.C. - ZONA NOR ESTE",SANTA CRUZ - AV. CRISTO REDENTOR ESQ. 3ER ANILLO NRO S/N UV: 037 MZNO: 002 ZONA: B/HAMACAS,7
2755,8085,-11.0336537,-68.7662444,ESTACION DE SERVICIO LOS TAJIBOS - COBIJA,COBIJA - AV. 9 DE FEBRERO NO. S/N ZONA CENTAL,9
2760,638,-17.7929088,-63.1939892,"COMPAÑIA BOLIVIANA DE GAS NATURAL COMPRIMIDO ""GENEX S.A."" - SUCURSAL S.C.-ZONA LA RAMADA",SANTA CRUZ - AV. CRISTO REDENTOR ESQ. 3ER ANILLO NRO S/N UV: 037 MZNO: 002 ZONA: B/HAMACAS,7
2763,7843,-17.7248618,-66.2760272,ESTACION DE SERVICIO 24 DE SEPTIEMBRE S.R.L.,COCHABAMBA - AV. COBOCE -EL TAMBO-CAMINO IRPA IRPA NRO S/N ZONA: EL TAMBO,3
2764,8055,-16.572039,-68.1733678,ESTACION DE SERVICIO LOS ROSALES,ACHOCALLA CARRETERA PRINCIPAL NRO 77 ZONA BOLIVAR,2
2765,7716,-16.5276204,-68.3120706,ESTACION DE SERVICIO LOS ANDES SRL,LAJA-CARRETERA LA PAZ -GUAQUI KM 12 NroS/N ZONA KALLUTACA,2
2768,642,-17.7901993,-63.164934,"COMPAÑIA BOLIVIANA DE GAS NATURAL COMPRIMIDO ""GENEX S.A."" - SUCURSAL S.C. - ZONA ESTE",SANTA CRUZ - AV. CRISTO REDENTOR ESQ. 3ER ANILLO NRO S/N UV: 037 MZNO: 002 ZONA: B/HAMACAS,7
2769,7724,-17.5606689,-66.3433721,ESTACION DE SERVICIO PAROTANI S.R.L.,COCHABAMBA - CARRETERA CONFITAL QUILLACOLLO- ORURO KM. 37 S/N ZONA PAROTANI,3
2770,646,-17.8013204,-63.1894321,"COMPAÑIA BOLIVIANA DE GAS NATURAL COMPRIMIDO ""GENEX S.A."" - SUCURSAL S.C.-ZONA SANTA ROSA",SANTA CRUZ - AV. CRISTO REDENTOR ESQ. 3ER ANILLO NRO S/N UV: 037 MZNO: 002 ZONA: B/HAMACAS,7
2772,7920,-16.4758797,-68.2717436,EDUARDO YUPANQUI QUISPE,CARRETERA EL ALTO - COPACABANA KM 8 SAN ROQUE,2
2773,7767,-17.8073302,-63.1707154,"ESTACION DE SERVICIO ""EL TROMPILLO"".","AV. JUAN PABLO II, ESQ. LA BARRANCA, BARRIO EL PAJONAL.",7
2774,7977,-16.5219,-68.115175,BASSAM LIMITADA,LA PAZ-AV. HERNANDO SILES NRO 4554 ZONA OBRAJES,2
2776,7885,-16.5111289,-68.2720904,ESTACION DE SERVICIO INTEROCEANICO,CARRETERA LA PAZ DESAGUADERO KM 7 S/N ZONA TAKACHIRA,2
2777,7921,-17.4047744,-63.85996,ESTACION DE SERVICIO SAN CARLOS S.R.L.,SANTA CRUZ  - AV. PRINCIPAL DE YAPACANI Nro S/N UV. S/N MZNO: S/N ZONA: YAPACANI,7
2779,7927,-15.5000912,-67.8832386,ESTACION DE SERVICIO TEOPONTE S.R.L.,LA PAZ KM.1 CAMINO A CARANAVI - GUANAY NRO S/N ZONA SANTA ROSA,2
2780,7743,-17.3194521,-63.2692697,JARAJORECHI S.R.L.,"MONTERO, CARRETERA MONTERO - GUABIRA, KM. 1 1/2, ZONA NORTE",7
2781,7772,-17.3286794,-63.2631956,"ESTACION DE SERVICIO ""ARACATACA""","AVDA. VICTOR PAZ ESTENSORO, CARRETERA GUABIRA, ZONA NORTE - MONTERO",7
2782,26035,-17.5806902,-66.3407632,ESTACION DE SERVICIO ITAPAYA,COCHABAMBA- CARRETERA A CAPINOTA KM. 39 Nro S/N EDIFICIO : ESTACION DE SERVICIO ITAPAYA ZONA: TAJRA - ITAPAYA,3
2783,7779,-16.4504775,-68.3180883,"ESTACION DE SERVICIO ""PLAYA VERDE""",CERRETERA A COPACABANA S/N ZONA: CUCUTA MUNICIPIO: PUCARANI LOCALIDAD: CUCUTA PROVINCIA: LOS ANDES DEPARTAMENTO: LA PAZ,2
2784,8099,-15.5001127,-67.8831847,ESTACION DE SERVICIOS GUANAY,LA PAZ-PROVINCIA LARECAJA NO S/N ZONA: CENTRAL,2
2786,1886,-17.3681063,-66.1797599,ESTACION DE SERVICIO COCHABAMBA S.R.L. SUCURSAL I,AV.  CIRCUNVALACION BEIJING  ENTRE CALLES RIGOBERTO SAENZ Y F.SUAREZ,3
2787,7662,-20.4697702,-66.8200784,GRUPO COLQUE SRL,LA PAZ - MARISCAL SANTA CRUZ Nro 1003 EDIFICIO CASANOVAS PISO: 2 OFICIAN 205 ZONA: CENTRAL,5
2788,7994,-16.2126223,-68.6887547,GASOLINERA HUATAJATA S.R.L.,LA PAZ CARRETERA A COPACABANA S/N ZONA: CHILAYA ,2
2789,8053,-17.5147628,-65.8560062,ESTACION DE SERVICIO COODPE,COCHABAMBA - CARRETERA CBBA - SANTA CRUZ KM.43 NRO S/N ZONA PARACAYA,3
2790,7852,-17.1098,-63.2357958,ESTACION DE SERVICIO MINERO,SANTA CRUZ - AV. 24 DE SEPTIEMBRE Nro S/N ZONA: MINERO-NORTE,7
2791,7668,-17.2313526,-63.2168187,ESTACION DE SERVICIO EL BIBOSI,SANTA CRUZ - CARRETERA A SAAVEDRA KM. 64 Nro S/N ZONA: NORTE,7
2792,8873,-16.9758809,-65.4217511,ESTACION DE SERVICIO SAN MATEO S.R.L.,COCHABAMBA - CARRETERA CBBA-SANTA CRUZ KM. 160 NRO S/N ZONA: VILLA TUNARI,3
2793,7974,-15.5013831,-67.8790601,CARBURANTES SAN MIGUEL,GUANAY. AV. GUANAY CARRETERA A RURRENABAQUE NRO S/N ZONA DURAN PLAYA,2
2794,8987,-17.4011468,-66.1825494,ESTACION DE SERVICIO COCHABAMBA S.R.L.,AV. MELCHOR PEREZ DE OLGUIN S/N  ZONA CHIMBA,3
2796,20749,-17.846486,-60.7271679,ESTACION DE SERVICIO EL MANA S.R.L.,SAN JOSE DE CHIQUITOS - CARRETERA SAN JOSE ROBORE KM. 2 Nro S/N UV: S/N MZNO: S/N ZONA: SAN JOSE,7
2798,8101,-16.4927577,-68.198245,ESTACION DE SERVICIOS DE COMBUSTIBLES JUAN PABLO II,EL ALTO-AV. JUAN PABLO II NO. 135 ZONA: VILLA TUNARI,2
2800,7737,-17.4050828,-66.0185646,SURTIDOR VILLA OBRAJES,AV. BARRIENTOS KM 17 1/2 ZONA: VILLA OBRAJES S/N,3
2802,7872,-16.1687122,-69.0827283,ESTACION DE SERVICIO V. COPACABANA,LA PAZ CARRETERA A COPACABANA FRENTE AL CEMENTERIO NRO S/N Z/ INTI KALA,2
2803,7864,-17.7671734,-63.1474986,COMPLEJO AUTOMOTRIZ VIRGEN DE URKUPIÑA SRL,PARQUE INDUSTRIAL MZ PI-25 S/N ZONA: AV. TRANSVERSAL,7
2804,1035,-21.5133312,-64.7382423,"ESTACION DE SERVICIO ""DON DANIEL""",AV. CIRCUNVALACION S/N ZONA LAS BARRANCAS,6
2805,4962,-17.2440708,-67.9053938,PATACAMAYA,AV. PANAMERICANA,2
2806,8074,-16.476374,-67.4538008,GASOLCAMP S.R.L.,IRUPANA - AV. PASTO GRANDE NRO 120 ZONA: CHURIACA,2
2807,8033,-17.4032264,-63.8722935,ESTACION DE SERVICIO COCA,YAPACANI - CARRETERA SANTA CRUZ COCHABAMBA - KM. 124,7
2808,7962,-17.8437334,-63.2448308,ESTACION DE SERVICIOS MONTAÑO SRL,AV. DOBLE VIA A LA GUARDIA KM 8 1/2 CARRETERA ANTIGUA A STA. CRUZ - CBBA.,7
2809,4959,-16.490999,-68.139397,URUGUAY,AV. MONTES 539 ESQ. URUGUAY,2
2810,7961,-18.0584542,-64.1236733,SURTIDOR LOS NEGROS,PAMPA GRANDE - PRO. FLORIDA LOS NEGROS NO. S/N ZONA: LOS NEGROS,7
2811,8154,-15.7455465,-67.497701,ESTACION DE SERVICIO CARRASCO S.R.L.,LA PAZ - CARRASCO KM. 20 CARANAVI NRO S/N ZONA: CARANAVI,2
2815,8169,-11.0057632,-66.0447251,ESTACION DE SERVICIO AMAZONAS S.R.L.,RIBERALTA AV.HEROES DEL CHACO ESQ. JACARANDA S/N ZONA BARRIO EL PERIODISTA,8
2817,8008,-11.0271146,-66.0524195,ESTACION DE SERVICIOS INTEGRACION-RIBERALTA S.R.L.,RIBERALTA -AV.INTEGRACION S/N ZONA SAN JUAN ,8
2818,8010,-10.9992779,-66.0626333,HIDROCARBUROS VACA DIEZ II,RIBERALTA AV. BENI MAMORE ESQ. PABLO SAUCEDO S/N ZONA SAN JOSE,8
2820,4978,-10.8148929,-65.3527462,FEDERICO ROMAN,AV. FEDERICO ROMAN,8
2821,8018,-10.8360036,-65.3633308,"ESTACION DE SERVICIO ""LA PERLA DEL MAMORE""",AV. ALTO DE LA ALIANZA  Nro S/N  ZONA: EL CRISTO,8
2822,7988,-10.8243546,-65.3571131,ESTACION DE SERVICIO LAGO AZUL,GUAYARAMERIN - AV. ALTO DE LA ALIANZA Nro 450 MZNO: 00 ZONA: 16 DE JULIO,8
2823,7976,-14.8706306,-66.7441085,SAN MIGUEL DE IVAN LIMACHI,SAN BORJA-AV. CIRCUNVALACION S/N ENTRE CALLE COCHABAMBA ZONA EL TEJAR,8
2824,8704,-14.4378278,-67.49356,ESTACION DE SERVICIO GASOLINERA CRUCE DE ORO,BENI - CARRETERA A RURRENABAQUE - YACUMA - REYES S/N ZONA: S/N,8
2825,616,-18.2168464,-65.191346,ESTACION DE SERVICIO AIQUILE,AV.: BOLIVAR Nro S/N ZONA : VILLA GUADALUPE,3
2827,8029,-11.0039132,-66.0555082,ESTACION DE SERVICIO IMANOL,AV. HEROES DEL CHACO /INTEGRACION S/N ZONA LOS ALMENDROS,8
2828,43025,-14.8293033,-64.8919514,ESTACION DE SERVICIOS EL OASIS,TRINIDAD - AV. BOLIVAR ESQ. AV. ADOLFO VELASCO S/N ZONA EL CARMEN,8
2829,7881,-17.6119443,-66.0239772,INVERSIONES VALLE SUR S.A.,PASAJEE TARIJA NRO S/N  EDIFICIO PRESIDENTE  PISO  PB ZONA NORTE,3
2830,8122,-17.2409355,-62.171901,ESTACION DE SERVICIO TIERRAS BAJAS S.R.L.,CALLE CAÑADA STRONGEST ESQ. PLATANILLO CONDOMINIO SUTO NRO S/N UV: 14 MZNO: 005 EDIFICIO: SUTO PISO: PB OFICINA: 04 ZONA: LOS FORTINES,7
2833,13336,-16.3714867,-63.5771718,ESTACION DE SERVICIO RIO MANIQUI,AV. CRCUNVALACION ESQ. AV. ITURRALDE - SAN BORJA - PROV. BALLIVIAN  - BENI,8
2853,11965,-17.3902432,-66.2755309,ESTACION DE SERVICIO 20 DE DICIEMBRE,CALLE 20 DE DICIEMBRE S/N ZONA IQUIRCOLLO,3
2856,8052,-17.4336921,-65.722615,ESTACION DE SERVICIO TIRAQUE,COCHABAMBA AV SANTA CRUZ NRO S/N ZONA TIRAQUE,3
2857,5004,-21.8763742,-64.706533,PADCAYA,CARRETERA TARIJA - PADCAYA,6
2858,8079,-16.12703,-62.02955,"ESTACION DE SERVICIO ""CONCEPCION"" S.R.L.",CONCEPCION - AV. DOBLE VIA SANTA CRUZ NroS/N UV:14N MZNO:005 ZONA: NORTE,7
2861,4958,-16.4985598,-68.1523403,ENTRE RIOS,AV. ENTRE RIOS ESQ. ABAROA,2
2866,8113,-17.3337836,-65.8685316,SURTIDOR DE GASOLINA Y DIESEL COLOMI,COCHABAMBA CARRETERA CHAPARE KM 45 NRO S/N ZONA COLOMI,3
2867,8017,-17.5318928,-65.9707382,ESTACION DE SERVICIO ARISPE,COCHABAMBA - CARRETERA A SANTA CRUZ NRO S/N ZONA: TOLATA,3
2868,5007,-22.7264478,-64.3557523,BERMEJO,BERMEJO,6
2869,4990,-19.0626796,-65.2728872,EL TEJAR,ZONA EL TEJAR,1
2870,8118,-15.7545696,-69.0672668,SOCIEDAD PERLA ANDINA S.R.L.,EL ALTO-ENTRAD AL PUEBLO DE CARABUCO NO. S/N MNZO,2
2873,8172,-17.4356314,-67.521919,ESTACION DE SERVICIO CRUCE LURIBAY S.R.L. E.S.C.L. S.R.L.,EL ALTO - CALLE 14 Nro 12 ZONA: ROSAS PAMPA,2
2877,7892,-17.3861457,-66.1001319,ESTACION DE SERVICIO ANITA,AVENIDA ELIODORO VILLAZON NRO. 5824 ZONA PUNTITI,3
2881,4991,-19.0394236,-65.2488258,OSTRIA GUTIERREZ,AV. OSTRIA GUTIERREZ ZONA TERMINAL,1
2883,5001,-22.0826773,-65.5984855,ANTOFAGASTA,AV. ANTOFAGASTA,5
2885,5000,-20.7561139,-66.2015076,ALLITA,CARRETERA ATOCHA-TUPIZA,5
2886,4966,-17.9541698,-67.1090343,CINCO ESQUINAS,AV. 6 DE OCTUBRE ENTRE CAMPO JORDAN Y SANTA CRUZ ZONA NORTE,4
2888,7557,-20.4549483,-66.8154761,UYUNI,BARRIO PETROLERO CALLE LITORAL S/N,5
2899,8091,-16.4867353,-68.1308843,LUBRICAN SRL,LA PAZ - AV. PERIFERICA JUAN JOSE TORREZ GONZALES NRO 10 ZONA VILLA DE CRUZ,2
2900,4963,-15.7782287,-68.6467864,SORATA,AV. SAMUEL TEJERINA,2
2903,13340,-19.3522939,-64.4751274,ESTACION DE SERVICIO TARABUQUILLO,TARABUQUILLO ZONA TARABUQUILLO,1
2904,7970,-17.3596439,-63.2451089,"""MUYURINA LTDA""",MANTERO - MONTERO - AV. SALESIANA URBANIZACION MUYURINA Nro S/N. ZONA: CARRT. MONTERO - WARNES,7
2905,4970,-17.3653391,-66.173376,CALA CALA,AV. SIMON LOPEZ ENTRE M. PEREZ DE OLGUIN Y G. R. MORENO ZONA CALA CALA,3
2908,4979,-11.0269917,-68.7570417,PROGRESO,AV. INTERNACIONAL 562,9
2909,4974,-16.976194,-65.4220908,VILLA TUNARI,VILLA TUNARI,3
2910,4973,-17.0398465,-64.866687,IVIRGARZAMA,IVIRGARZAMA - COCHABAMBA,3
2911,5002,-21.5195869,-64.7439927,LAS AMERICAS,AV. LAS AMERICAS VILLA PIZARRO,6
2912,7953,-16.6817502,-68.18865,ESTACION DE SERVICIOS NIMAGASBOL,EL ALTO-CAMINO A ORURO NRO 1500 ZONA MAZOCRUZ,2
2913,7950,-16.5474691,-68.2020237,ESTACION DE SERVICIO LAS ROSAS S.R.L.,EL ALTO - CARRETERA A VIACHA KM 5 NRO. 77 ZONA JANKO KALANI,2
2916,7909,-17.468408,-66.3390364,ESTACION DE SERVICIO SUTICOLLO,COCHABAMBA - KM 26 CARRETERA CONFITAL NRO S/N ZONA: SUTICOLLO,3
2922,4982,-17.8001695,-63.1954695,EL PARI,AV. GRIGOTA S/N UV 29,7
2926,4981,-17.8149206,-63.2122674,CUARTO ANILLO,CARRETERA SCZ-CBB KM 3 1/2 CUARTO ANILLO,7
2928,8075,-16.1931339,-67.7258586,ESTACION DE SERVICIO UCHUMACHI,COROICO-COROICO NOR YUNGAS NO. S/N ZONA: COROICO,2
2929,8093,-19.780256,-63.1824128,SURTIDOR CHARAGUA,CHARAGUA - AV. JOSE UGARTE Nro S/N UV: 0004 MZNO: 0 OFICINA: 78561225 ZONA: CENTRAL,7
2931,7664,-14.8282666,-64.888499,ESTACION DE SERVICIOS SERGIO FREDDY IRIARTE MERCADO,TRINIDAD - AV. PANAMERICANA S/N ZONA CIPRIANO BARACE,8
2932,8109,-14.8249507,-64.9056473,"EMPRESA RIVERO CARBURANTES LUBRICANTES Y GAS ""ERCALUG""",AV. 18 DE NOVIEMBRE ESQ. CIRCUNVALACION S/N,8
2934,7928,-16.5062771,-68.257675,PEREZ ROCHA S.R.L.,LA PAZ - CALLE JUNIN NO. 857 EDIFICIO RESIDENCIAL LATINO PISO 1 OFICINA 02 ZONA CENTRAL,2
2935,7880,-17.8789991,-63.2846387,CENTRO DE COMERCIO Y SERVICIOS VALDIVIA FERRUFINO S.R.L.,AVENIDA DOBLE VIA LA GUARDIA  KILOMETRO  14 NRO S/N DE LA   CERVECERIA  BOLIVIANA NACIONAL  A 30 METROS,7
2937,7993,-16.8937652,-63.3111171,ESTACION DE SERVICIO AGUAI  S.R.L.,FERNANDEZ ALONZO - COMUNIDAD AGUAI KM 105 Nro S/N MZNO: 0 ZONA: NORTE,7
2939,13339,-19.8092658,-63.960279,ESTACION DE SERVICIO LOS SAUCES,CALLE PIRAIMIRI FINAL BARRIO LOS SAUCES,1
2940,4995,-19.896218,-63.7548837,MUYUPAMPA,AV. BANZER S/N,1
2941,8039,-17.5680744,-65.9352525,ESTACION DE SERVICIO ADRIAN,AV. MONS. WALTER ROSALES CLIZA S/N ZONA CLIZA,3
2942,7663,-17.7213732,-66.2835453,ESTACION DE SERVICIO LA MERCED S.R.L.,COCHABAMBA - AV. COBOCE Nro S/N ZONA: IRPA IRPA,3
2943,7981,-14.1380331,-67.8911136,"ESTACION DE SERVICIO SURTIDOR ""TUMUPASA"" S.R.L.",SAN BUENAVENTURA - CARRETERA A IXIAMAS NRO S/N ZONA TUMUPASA,2
2945,7870,-14.4259454,-67.5467367,MADIDI SAN BUENAVENTURA,CARRETERA TUMOPASA Z/ SANTA ROSA LOCALIDAD SAN BUENAVENTURA DEPARTAMENTO LA PAZ,2
2946,8041,-16.165878,-66.0786438,ESTACION DE SERVICIO ALEX,KM 222 CARRETERA COCHABAMBA SANTA CRUZ LOCALIDAD IVIRGARZAMA CARRASCO PUERTO VILLARROEL,3
2947,4957,-16.5041049,-68.133885,SAN PEDRO,AV. 20 DE OCTUBRE ESQ. SANTOS MACHICADO ESQ. SANTOS MACHICADO 434 ZONA SAN PEDRO,2
2949,7774,-14.08,-66.79493,ESTACION DE SERVICIO ESPIGA DE ORO,BALLIVIAN AV. MIGUEL SIMON ESQUINA COMERCIO NRO S/N ZONA SANTA ROSA DE YACUMA,8
2950,7826,-17.9391951,-65.3369617,ESTACION DE SERVICIO MIZQUE,CARRETERA  A MIZQUE AIQUILE   NRO S/N  ZONA KONCHUPATA PROVINCIA MIZQUE  ESTA SOBRE LA CARRETERA.,3
2951,8066,-18.1971489,-65.1788316,SURTIDOR CAMPERO,AV BOLIVAR NRO S/N ZONA EL RETIRO,3
2952,39286,-15.149658,-67.0345109,ESTACION DE SERVICIO BALLIVIAN,"CENTRAL, CARRETERA LA PAZ - RURRENABAQUE KM. 321, SN",8
2953,8037,-15.133493,-67.0405852,"ESTACION DE SERVICIO LEONARDO LIMACHI CHALLCO ""DON LEO""",YUCUMO-COMUNIDAD DE YUCUMO NO S/N ZONA: BENI,8
2954,8092,-17.6342577,-65.2325892,ESTACION DE SERVICIO EPIZANA,CALLE MERCEDES ANAYA S/N ZONA EPIZANA,3
2956,8046,-15.5801092,-67.2515788,ESTACION DE SERVICIO PALOS BLANCOS,LA PAZ-AV. LA PAZ NO. 20 ZONA: SAN PEDRO,2
2957,8081,-20.3048012,-66.9326197,HOTEL DE SAL PLAYA BLANCA,CALLE MEXICO Nro 117/ZONA BARRIO OBRERO/UYUNI,5
2958,7978,-15.5586207,-67.3448356,"ESTACION DE SERVICIO ""NETANEL""",LA PAZ - CARRETERA LA PAZ - BENI CRUCE CARRET. PALOS BLANCOS NRO S/N ZONA: SAPECHO,2
2959,7959,-17.5312364,-65.8513061,ESTACION DE SERVICIO LOS LIBERTADORES S.R.L.,AV.SILES Y PARACAYA S/N ZONA: MUYU HUYO,3
2960,8038,-21.1569188,-67.1684521,TRES GIGANTES LIMITADA,LA PAZ - CALLE 15 Nro S/N EDIFICIO: TORRE KETAL PISO: 5 ZONA: CALACOTO,5
2961,8155,-18.9980584,-57.7126431,FREE PORT TERMINAL COMPANY LIMITED SUCURSAL BOLIVIA,AV. LUIS SALAZAR DE LA VEGA FINAL S/N.,7
2968,4960,-16.5388,-68.075104,CALACOTO,AV. BALLIVIAN ESQ. CALLE 25 ZONA CALACOTO,2
2969,8087,-14.8262593,-64.8740047,ESTACION DE SERVICIO SERGIO FREDDY IRIARTE MERCADO-PAITITI,TRINIDAD - AV. PANAMERICANA Nro S/N ZONA:CIPRIANO BARACE,8
2971,15135,-16.9144202,-62.6172914,SURTIDOR ACIPA-SJ S.R.L.,SAN JULIAN - CARRETERA SANTA CRUZ TRINIDAD (LOC DE SAN JULIAN)S/N SONA CENTRAL NRO S/N UV:1 MZA:05 ZONA : CENTRAL,7
2972,7996,-17.6050237,-62.6810339,ESTACION DE SERVICIOS DANA S.R.L,PAILON - CARRETERA SANTA CRUZ - TRINIDAD Nro S/N  UV: 00 MZNO: 00  ZONA: B/NUEVA BELEN,7
2973,8162,-17.4031363,-63.9061495,ESTACION DE SERVICIO ICHILO S.R.L.,SANTA CRUZ - KM 130 CARRETERA SANTA CRUZ - YAPACANI Nro S/N UV: S/N MZNO: 014 ZONA: NORTE,7
2974,5003,-21.5467694,-64.6998536,PRESIDENTE ARCE,AV. PANAMERICANA ESQ AV. CARLOS MORALES AVILA,6
2975,8111,-17.403423,-63.8680514,ESTACION DE SERVICIO SAN JOSE DE YAPACANI S.R.L.,"YAPACANI - CARRETERA SANTA FE, YAPACANI NRO S/N ZONA: NORTE",7
2977,1821,-21.4530516,-64.7533344,EL MOLLE S.R.L.,MENDEZ - CARRETERA A SAN LORENZO KM.11 ZONA: EL RANCHO,6
2978,7896,-18.5028604,-64.0994402,ESTACION DE SERVICIO EUSE CRUZ,VALLEGRANDE - AV. VIRGEN DE GUADALUPE LOC. VALLEGRANDE Nro S/N UV:00 MZNO: 00 ZONA: CENTRAL,7
2979,5006,-22.0198784,-63.6772487,SAN MARTIN,AV. JACINTO DELFIN ENTRE C. RIOS Y SAN MARTIN,6
2980,5005,-21.266567,-63.4758221,PALOS BLANCOS,CALLE AVAROA ESQ. CHUQUISACA S/N ZONA CENTRAL,6
2981,7498,-21.8298983,-63.74042,ESTACION DE SERVICIO CARAPARI,CARRETERA YACUIBA TARIJA,6
2982,597,-22.0093507,-63.6809657,"EMPRESA COMERCIAL VANGUARDIA EN GAS ""VANGAS S.A."", SUCURSAL YACUIBA","YACUIBA, AVDA. LOS LIBERTADORES, ESQ. INDEPENDENCIA",6
2983,8170,-17.7885512,-63.1943734,ESTACION DE SERVICIO URBARI S.R.L.,SANTA CRUZ- CALLE RIO UBAI NRO 100 UV: 52 MZNO:86 ZONA: OESTE,7
2984,7823,-17.3523785,-63.2496551,ESTACION DE SERVICIO MONTERO,MONTERO - AV. CIRCUNVALACION FRENTE A ROTONDA SUR NO S/N ZONA: SUR,7
2985,8061,-19.0174752,-57.7196021,ESTACION DE SERVICIO LIDO S.R.L,ARROYO CONCEPCION S/N  CARRETERA BIOCEANICA KM 1,7
2986,4984,-19.0053758,-57.7146886,PUERTO QUIJARRO,AV. BRASIL,7
2987,4983,-18.9857898,-57.7932727,MARISCAL SUCRE,AV. MARISCAL SUCRE,7
2988,8157,-18.1233622,-63.9573492,ESTACION DE SERVICIO VELEZ,SANTA CRUZ - AV. AVAROA Nro 03 UV:S/N MZNO:S/N ZONA: LOCALIDAD MAIRANA,7
2989,4972,-17.4454226,-66.1371125,VALLE HERMOSO,AV. PETROLERA KM 5 1/2 ZONA VALLE HERMOSO,3
2991,4971,-17.3715955,-66.1732204,AMERICA,AV. AMERICA ESQ. CALLE PACHAMAMA ZONA CALA CALA,3
2993,8015,-17.3826034,-62.5779242,ESTACION DE SERVICIO LAS CONCHAS S.R.L.,SANTA CRUZ - KM 85 CARRETERA SANTA CRUZ-TRINDAD S/N ZONA LAS CONCHAS,7
2994,8012,-17.6367866,-62.7040995,GOTEON S.R.L.,PAILON - CARRETERA SANTA CRUZ - TRINIDAD KM. 53 Nro S/N UV: 000 MZNO:000 ZONA: BARRIO BELEN,7
2995,8129,-11.5294375,-66.288757,EL TRIANGULO ORIENTAL S.R.L.,BENI-CARRETERA A RIBERALTA NO S/N ZONA: CENTRAL,8
2996,8156,-16.6179668,-62.5081929,ESTACION DE SERVICIO LA CUEVA,"SAN RAMON, ENTRADA PRINCIPAL A SAN RAMON NRO S/N SOZA SAN RAMON",7
2998,7985,-18.9847556,-57.793048,PUERTO S.R.L.,AV.MARISCAL SUCRE CARRETERA A PUERTO-ARROYO CONCEPCION NO.S/N ZONA BARRIO LAS MALVINAS,7
3000,4965,-17.9378143,-67.1149251,SAN PEDRO ORURO,AV. TOMAS BARRON ESQ. MIRAFLORES ZONA NORTE,4
3001,4967,-17.9474539,-67.1080151,MORELA,AV. 6 DE OCTUBRE ESQ. HEROES DEL CHACO ZONA NORTE,4
3002,25095,-20.0230211,-63.5328964,ESTACION DE SERVICIO PIRAI S.R.L. - SUCURSAL 2,"CAMIRI, CARRETERA YACUIBA - SANTA CRUZ - AV. CIRCUNVALACION",7
3003,4998,-19.5835833,-65.7558331,VILLA IMPERIAL,AV. CIVICA S/N ZONA WENCEDLAO ALBA,5
3004,4999,-19.5526664,-65.4415639,BETANZOS,CALLE CHORRILLOS,5
3005,7926,-17.3668477,-66.1757811,ESTACION DE SERVICIO SANTA MONICA S.R.L.,AVENIDA MELCHOR PEREZ DE OLGUIN NRO 279 ANTES DE LLEGAR A LA  SIMON LOPEZ A MEDIA CUADRA  ZONA NORESTE,3
3007,7706,-18.0161725,-67.0324895,SOCIEDAD COMERCIAL E INDUSTRIAL BOLIVIANA SOCINBOL S.R.L,CARRETERA ORURO POTOSI KM 9.5 ZONA VICHULOMA,4
3009,8096,-17.7615382,-63.0207094,SURTIDOR COTOCA,SANTA CRUZ - CARRETERA COTOCA KM. 13 1/2 Nro S/N MZNO: 0 ZONA: COTOCA,7
3010,9091,-17.6555677,-62.7217757,ESTACION DE SERVICIO PETRO VAL S.R.L.,PAILON - CARRETERA A PAILON Nro S/N ZONA: KM. 50,7
3011,8044,-17.6010062,-62.2176122,ABERI S.R.L.,SANTA CRUZ - FLORIDA NRO 569 ZONA: CENTRAL,7
3012,15494,-17.541892,-65.841989,ESTACION DE SERVICIO EQGAS S.R.L.,CALLE TTE. LUCIO CANEDO S/N,3
3013,8141,-16.3296463,-62.9043428,"ESTACION DE SERVICIO ""EL MIRADOR""","MUNICIPIO EL PUENTE, CARRETERA SANTA CRUZ - TRINIDAD KM. 242",7
3015,7890,-17.5902249,-67.5032793,ESTACION DE SERVICIO EUCALIPTUS S.R.L.,CALLE ORURO FINAL NORTE NRO S/N ,4
3017,8125,-14.9993684,-65.6442847,ESTACION DE SERVICIO MUSERUNA,CALLE SANTIESTEVAN ESQUINA 31 DE JULIO SAN IGNACIO,8
3020,10614,-16.3894985,-60.9446091,SURTIDOR GUAPOMO S.R.L,"SAN IGNACIO - CALLE CHIQUITOS NO. S/N, ZONA: CASO VIEJO",7
3021,4976,-13.7499145,-65.425201,SANTA ANA DE YACUMA,CALLE NICOMEDES SUAREZ Y BAPTISTA ZONA SAN JUAN,8
3022,7698,-18.0702387,-64.4247287,SURTIDOR SANTIAGUITO,COMARAPA - CARRETERA ANTIGUA A COCHABAMBA Nro S/N ZONA: LA PALIZADA,7
3023,8070,-16.8231239,-65.5410712,ESTACION DE SERVICIO TRANS TRICOLOR NACIONAL S.A.,COCHABAMBA CARRETERA A TRINIDAD KM 51 S/N ZONA ETERAZAMA,3
3024,7697,-17.0135116,-63.2206501,ESTACION DE SERVICIO CHANE,SANTA CRUZ - CARRETERA CHANE - PUESTO FERNANDEZ Nro S/N ZONA: NORTE,7
3026,11900,-15.8859064,-63.189552,ESTACION DE SERVICIO EL BIBOSI MANANTIAL,ASCENCION DE GUARAYOS - AV. SANTA CRUZ S/N,7
3027,39245,-17.7649171,-63.149452,SUCURSAL S.C.-ZONA NOR ESTE,AV. PARAGUA Y CUARTO ANILLO,7
3029,7665,-17.2454634,-62.9940548,ESTACION DE SERVICIO EL TAJIBO OKINAWA,WARNES-CARRETERA A MONTERO KM 84 NRO S/N MZNO: S/N ZONA OKINAWA,7
3032,7821,-17.3942972,-66.2904333,ESTACION DE SERVICIO SAN JORGE CBBA. S.R.L.,AVENIDA BLANCO GALINDO KM. 14 1/2 BARRIO MANACO,3
3034,8182,-17.9766583,-67.1379239,ESTACION DE SERVICIO ESPAÑA,AVENIDA ESPAÑA NRO 43 Y CIRCUNVALACION UV: S/N MZNO: S/N ZONA: SUD,4
3036,8139,-17.7863638,-63.1085737,ESTACION DE SERVICIO EL PANAL,AV INTERNACIONAL S/N ZONA: BARRIO NAVIDAD,7
3039,8049,-15.9105532,-61.4324129,"ESTACION DE SERVICIO ""EL CHIQUITANO""",SANTA CRUZ - AV. ÑUFLO DE CHAVEZ - SANTA ROSA DE ROCA ZONA: NOR ESTE,7
3040,11891,-16.3134743,-67.6093637,ESTACION DE SERVICIO UMAMARCA,CORIPATA - CALLE INNOMINADA NRO S/N UV: S/N MZNO: S/N ZONA: UMAMARCA,2
3043,8013,-17.5684056,-65.776293,ESTACION DE SERVICIO ARANI,AV. INGAVI S/N ZONA ARANI,3
3044,61875,-17.38642,-66.19217,LOS LAURELES, AV. DORBIGNI ESQ. CHIRIGUANOS,3
3047,4969,-18.4198306,-66.5839153,LLALLAGUA,AV. 23 DE MARZO,5
3050,15646,-17.347014,-66.1730648,ESTACION DE SERVICIO COCHABAMBA S.R.L. SUCURSAL II,AV. CIRCUNVALACION II S/N,3
3051,15176,-19.1759232,-64.9122699,ESTACION DE SERVICIO PU'JLLAY,CARRETERA TARABUCO,1
3053,13570,-16.6300351,-68.1824363,"ESTACION DE COMERCIALIZACION COMBUSTIBLES LIQUIDOS DE PETROLEO ""ECOPETROL""",EL ALTO - AVENIDA 6 DE MARZO ESQ. AVENIDA VIACHA NRO 1010 ZONA: EX FUNDO VENTILLA,2
3055,7934,-17.3897927,-66.1834935,ESTACION DE SERVICIO BEIJING,AVENIDA  BEIJING ESQUINA CALLE  23 DE MARZO NRO S/N  DE LA ZONA VILLA BUCHS NORTE,3
3060,19543,-17.7187347,-63.1626105,ESTACION DE SERVICIO LOS COYUYOS,CARRETERA AL NORTE KM. 6 Nro S/N UV: 77 MZNO:28 ZONA NORTE,7
3062,13825,-20.4549066,-66.8303538,SAN CRISTOBAL S.R.L.,"CALLE CAMACHO ESQ. PEREZ, ZONA CENTRAL DE LA CIUDAD DE UYUNI",5
3063,11243,-17.338446,-66.222632,FORTALEZA ENERGY S.R.L.,TIQUIPAYA - CALLE COCHABAMBA NRO 742 ZONA:CENTRAL,3
3064,7756,-18.0038848,-63.3887534,ESTACION DE SERVICIO GASCAR S.R.L.,CARRETERA ANTIGUA A CBBA S/N ZONA EL TORNO,7
3065,55050,-13.15504,-61.99585,SUCURSAL LA ENCONADA,CARRETERA A TRINIDAD KM. 27,7
3066,17484,-17.3753363,-66.1362185,"ESTACION DE SERVICIO ""LOS ALPES""",CERCADO - AV. VILLAZON NRO S/N ZONA: MUYURINA,3
3068,12613,-14.8655758,-66.7444795," ESTACION DE SERVICIO ""IRIARTE SAN BORJA""",BENI-CALLE COCHABAMBA NRO 7 SAN BORJA,8
3069,12648,-16.392685,-67.5358415,ESTACION DE SERVICIO HUANCANE Y TRANSPORTE S.R.L.,CHULUMANI - LOCALIDAD DE HUANCANE NRO S/N ZONA S/Z DEL DEPARTAMENTO DE LA PAZ,2
3071,4968,-18.4647997,-66.565963,UNCIA,AV. SUCRE,5
3072,19580,-11.2266946,-68.6956092,ESTACION DE SERVICIO COCAMITA,COBIJA PANDO CARRETERA COBIJA PORVENIR KM28,9
3073,18862,-17.0099051,-65.4476406,ESTACION DE SERVICIO FOX J.G.J S.R.L.,AV INTEGRACION CARRETERA CBBA-SANTA CRUZ KM 158,3
3074,7935,-16.6693343,-63.8677386,SAN JOAQUIN I SRL,SARA -  AVENIDA SANTA ROSA ESQ. CALLE SAN PEDRO Y CALLE MONTERO Nro S/N MZNO: S/N ZONA: NORTE,7
3076,11352,-15.2479385,-63.8645822,ESTACION DE SERVICIO EL JUNTE,CARRETERA SANTA CRUZ TRINIDAD KM 412 PUNTE SAN PABLO,7
3077,7884,-17.3985383,-66.0524195,ESTACION DE SERVICIO CITY TRUCK FH S.R.L.,AV. VILLAZON KM 10.5,3
3078,4993,-19.796724,-63.950871,MONTEAGUDO,CALLE PIRAIMIRI FINAL BARRIO LOS SAUCES,1
3079,8024,-17.8833765,-63.2662104,ESTACION DE SERVICIO BICENTENARIO SRL,CARRETERA CAMIRI KM 13,7
3080,1100,-15.1693483,-67.0347011,ESTACION DE SERVICIO COLQUEPATA,SAN BORJA CARRETERA LA PAZ YUCUMO,8
3081,20238,-17.4075785,-65.9991736,CHIÑATA S.R.L.,SACABA - CARRETERA NUEVA SANTA CRUZ KM 20 NRO S/N ZONA: SAN GANGOCHE,3
3083,8128,-15.6513045,-67.259261,"ESTACION DE SERVICIO ""MADAGASCAR"" S.R.L.",LA PAZ-KM. 52 NO S/N UV: S/N MZNO: S/N ZONA: BELLA VISTA,2
3084,23107,-16.809841,-63.476315,SAN PEDRO DEL NORTE (INTERVENIDA),AV. SANTA CRUZ - ZONA CENTRAL,7
3086,27470,-17.7535335,-63.2212943,"ESTACION DE SERVICIO ORSA S.R.L. ""SUCURSAL 1 - URUBO""",URUBO LOTE ET1CC4 S/N,7
3087,9592,-17.352858,-63.3825284,ESTACION DE SERVICIO LOS BIBOSIS S.R.L.,PORTACHUELO-CIRCUNVALACION S/N ZONA ESTE,7
3089,20387,-14.7371519,-67.1873907,"ESTACION DE SERVICIOS ""TORREZ""",CARRETERA YUCUMO-RURRENABAQUE ZONA COMUNIDAD COLLANA,8
3090,16198,-17.3571306,-65.8479499,ESTACION DE SERVICIO CHULLPANI,COLOMI - CARRETERA NUEVA A SANTA CRUZ KM 42 S/N ZONA CHULLPANI,3
3091,27919,-18.8930421,-66.7788479,ESTACION DE SERVICIO ROSMERY ROXANA MENDOZA PE�ALOZA,ORURO - LOCALIDAD DE CHALLAPATA,4
3092,7952,-16.5217331,-68.1782057,ESTACION DE SERVICIO ILLIMANI S.R.L.,"EL ALTO - CARRETERA A VIACHA KM 3 CALLE 132, NRO 139, ZONA VILLA BOLIVAR ""D""",2
3095,22746,-17.3917272,-66.2510492,ESTACION DE SERVICIO PARAJE 24.7 S.R.L.,COCHABAMBA - AV. BLANCO GALINDO KM. 10  Nro S/N  ZONA: PIÑAMI SUD,3
3098,7727,-17.4479,-66.1249643,ESTACION DE SERVICIO REFINERIA,COCHABAMBA - AVENIDA SIGO XX NRO 500 ZONA: VALLE HERMOSO,3
3099,8105,-17.81227,-63.12807,SURTIDOR RADIAL 10,"AVDA. RADIAL 10, ESQ. CHE GUEVARA NO. 21",7
3100,28758,-11.0275354,-68.756512,ESTACION DE SERVICIO COBIJA,AV. INTERNACIONAL Nro 615 BARRIO PROGRESO,9
3101,8086,-17.3401002,-63.2704866,ESTACION DE SERVICIO MIRANDA,MONTERO - AV. CUPESI ESQ. AV. CIRCUNVALACION NORTE ZONA: URKUPIÑA,7
3102,19021,-17.383223,-66.183007,ESTACION DE SERVICIO PANAMERICANA SUCURSAL COCHABAMBA,COCHABAMBA - AVENIDA TADEO HAENKE ESQ. CALLE ISMAEL CESPEDES S/N,3
3111,4975,-14.8468253,-64.9051903,POMPEYA,AV. PEDRO IGNACIO MUIBA CIRCUNVALACION SUR ZONA POMPEYA,8
3112,26180,-14.9999995,-65.6359695,ESTACION DE SERVICIO LAS PALQUITAS,SAN YGNACIO DE MOXOS - AV.CIRCUNVALACION ESQ. SUCRE N:S/N ZONA: LAS PALQUITAS,8
3114,11866,-21.5233078,-64.7353907,ESTACION DE SERVICIO SE�OR DE QUISQUIRA,CALLE BOLIVAR S/N VILLA CHARCAS PROVINCIA NOR CINTI CHUQUISACA,1
3115,8178,-17.5417215,-66.0594992,ESTACION DE SERVICIO DAYANA,"TOLATA CARRETERA ANTIGUA STA CRUZ KM 20,5 NroS/N ZONA CARCAJE",3
3116,58094,-17.54174,-66.22242,SUCURSAL NRO 1,"AV. CHAPISIRCA ENTRE CALLE LITORAL Y CIUDAD DEL NIÑO, ZONA: CHILIMARCA",3
3117,50384,-17.845907,-60.729176,SAN JOSE DE CHIQUITOS,"LOCALIDAD SAN JOSE DE CHIQUITOS, MANZANA 9 LADO ESTE S/N",7
3118,38029,-20.6447959,-65.2081996,YPFB - CAMARGO,CARRETERA TARIJA - CAMARGO - POTOSI,1
3119,41599,-20.236485,-65.15432,YPFB - SAN LUCAS,"BARRIO SAN FRANCISCO, AV. LIBERTADORES DE AMERICA",1
3121,36826,-16.921911,-62.622334,ESTACION DE SERVICIO SAN JULIAN,AV. UV-19V MANZANO 23 S/N BARRIO LAS PALMERAS,7
3123,37303,-16.6608617,-68.0791855,"ESTACION DE SERVICIO ""C. REDENTOR"" S.R.L.",EL ALTO - AVENIDA 6 DE MARZO  NO 110  ZONA: SENKATA,2
3124,30064,-17.4311736,-66.1501086,ESTACION DE SERVICIO TICTI S.R.L.,COCHABAMBA - AV. PETROLERA KM. 2 NRO S/N MZNO: 005 ZONA: TICTI SUD,3
3125,54420,-18.26964,-66.86193,HUANUNI,CARRETERA HUANUNI ORURO S/N,4
3126,7946,-13.7794219,-68.1272338,ESTACION DE SERVICO SAYHOGAS S.R.L.,IXIAMAS - IXIAMAS  CARRETERA TUMUPASA - LOCALIDAD IXIAMAS ZONA: IXIAMAS,2
3132,36350,-17.2780294,-62.5544366,SUCURSAL CUATRO CAÑADAS,"CARRETERA SANTA CRUZ- TRINIDAD, KM 100 S/N",7
3133,27416,-17.56025,-65.9366661,ESTACION DE SERVICIO PAREDES VALLEJOS,COCHABAMBA - AV. MONSEÑOR WALTER ROSALES KM 30 Nro S/N ZONA: VILLA GRACIELA,3
3134,16269,-17.422894,-66.1199884,ESTACION DE SERVICIO SAN JUAN BAUTISTA S.R.L.,AVENIDA GUAYACAN NRO S/N  ZONA: VILLA EUCALIPTOS NORTE,3
3135,22744,-17.3936186,-66.2591986,ESTACION DE SERVICIO PARAJE 24.7 S.R.L.- SUCURSAL COCHABAMBA I,AVENIDA VICTOR USTARIZ KM.11.5 ZONA PIÑAMI	,3
3136,39639,-21.4458589,-65.7135576,ESTACION DE SERVICIOS PETRO CENTER,AV. JOSE LUIS SAN JUAN GARCIA NRO. S/N ZONA CHAJRAHUASI,5
3138,36574,-17.0621453,-62.6360177,ESTACION DE SERVICIOS FLORES,SAN JULIAN -CARRETERA SANTA CRUZ TRINIDAD Nro S/N UV: 00 MZNO: 00 ZONA: ESTE,7
3140,17727,-17.3829451,-66.2838204,ESTACION DE SERVICIO IQUIRCOLLO S.R.L. SUCURSAL,QUILLACOLLO - CALLE  SANTA CRUZ  ENTRE  CALLE INNOMINADA S/N,3
3141,20444,-15.9054086,-63.180712,ESTACION DE SERVICIO EL JUNTE SUCURSAL EESS EL JUNTE II,ASCENCIO DE GUARAYOS - CARRETERA SANTA CRUZ - TRINIDAD,7
3142,40026,-14.2946644,-67.3393627,"ESTACION DE SERVICIO ""REYES MATIAS""",CALLE AMBROSIO GARCIA S/N ZONA SAN PEDRO - REYES - PROVINCIA BALLIVIAN,8
3144,36810,-17.2375423,-63.2164097,SUCURSAL 4,GRAL. SAAVEDRA - CARRETERA MINERO,7
3145,36357,-16.6141903,-62.5012816,ESTACION DE SERVICIO PAULINA S.R.L.,SAN RAMON - CARRETERA A TRINIDAD KM. 180 Nro S/N UV: 1 MZNO: 5 EDIFICIO: 1 ESTACION DE SERVICIO PAULINA PISO: 1 ZONA: LOTE Nro 8,7
3146,4986,-17.552299,-64.314781,COMARAPA,AV. PRINCIPAL 363,7
3149,41702,-17.2531622,-64.3632164,SUCURSAL COCHABAMBA,"COCHABAMBA - AV. PANAMERICANA S/N, ZONA: BULO BULO - ENTRE RIOS",3
3151,9732,-16.2749286,-62.509839,ESTACION DE SERVICIOS SAN JAVIER,SAN JAVIER - AV. SANTA CRUZ NRO S/N UV: 001 MZNO: S/N ZONA: SUR,7
3154,36812,-17.67576,-63.1590915,SUCURSAL 3 (KM. 11 CARRETERA SANTA CRUZ - WARNES),SANTA CRUZ DE LA SIERRA - KM. 11 CARRETERA SANTA CRUZ WARNES,7
3155,27946,-20.0256106,-63.5323154,ESTACION DE SERVICIO CAMIRIGAS S.R.L.,CAMIRI - AV. PANAMERICANA Nro S/N UV: S/N MZNO: S/N ZONA: CENTRAL,7
3158,14867,-16.8889664,-65.4218902,ESTACION DE SERVICIO TRANS NACIONAL ETERAZAMA S.A.,CARRETERA VILLA TUNARI - ETERAZAMA KM 28,3
3159,43475,-17.7640829,-63.0711154,SUCURSAL ESTACION DE SERVICIO LA TECA SANTA CRUZ - COTOCA,CARRETERA SANTA CRUZ - COTOCA KM. 8,7
3160,41838,-17.3421332,-63.2695532,ESTACION DE SERVICIO SUR S.R.L.-SUCURSAL MONTE VERDE,AV. CIRCUNVALACION ANTES IBAÑEZ ESQ. EX COMBATIENES UV 6 MZ 1 - MONTERO,7
3161,45152,-16.3827867,-60.957375,GASOBOL,"AVENIDA LAS AMERICAS, ESQUINA HEROES DEL CHACO S/N, SAN IGNACIO DE VELASCO",7
3162,73945,-17.74838,-62.96769,ESTACION DE SERVICIO EL GASOMETRO S.R.L.,AVENIDA SEGUNDO ANILLO DE CIRCUNVALACION CARRETERA A TRINIDAD,7
3164,36445,-19.024543,-65.2768119,ESTACION DE SERVICIO JUANA AZURDUY,SUCRE - AV. JUANA AZURDUY DE PADILLA NRO S/N ZONA : TUCSUPAYA,1
3166,48311,-16.079599,-68.671898,ESTACION DE SERVICIO ACHACACHI,"CARRETERA DOBLE VIA ACHACACHI ? HUARINA, KJASINA DE LA PROVINCIA OMASUYOS",2
3168,38422,-17.3960518,-66.2860897,CENTRO DE SERVICIOS PETROCEL,ERNESTO CESPEDES S/N - QUILLACOLLO,3
3169,43888,-16.6947961,-60.9696881,ESTACION DE SERVICIO GEOPETROL,AV. 29 DE SEPTIEMBRE NRO. S/N ZONA BARRIO SAN MIGUEL,7
3170,53122,-11.4869429,-67.2438598,ESTACION DE SERVICIOS PETRORIBER S.R.L.,CARRETERA  RIBERALTA ?COBIJA  KM. 195  LOCALIDAD EL SENA,9
3171,47747,-17.6036075,-66.0328372,ESTACION DE SERVICIO PAPU S.R.L.,"AVENIDA LOS LIBERTADORES Nro S/N, ZONA LADERA LOTE Nro 30 MANZANO D",3
3172,43889,-17.5925235,-62.5093402,ESTACION DE SERVICIO KM. 75 S.R.L.,CARRETERA PUERTO SUAREZ KM. 75 NRO. S/N ZONA PAILON,7
3174,54422,-18.41907,-66.58382,LLALLAGUA I,"PROVINCIA RAFAEL BUSTILLOS, CARRETERA LLALLAGUA - ORURO, ENTRE DIAGONAL JAIME MENDOZA DEL DEPARTAMENTO DE POTOSI",5
3175,4997,-19.5782781,-65.7650928,TERMINAL DE BUSES,AV. UNIVERISTARIA BARRIO SAN CLEMENTE,5
3178,51728,-18.464239,-63.125011,ESTACION DE SERVICIO CABEZAS,"CARRETERA SANTA CRUZ - CAMIRI KM 122, CABEZAS",7
3181,51821,-14.0797839,-66.7948151,SANTA ROSA PERLA DEL BENI S.R.L.,AV. BOLIVAR ESQ. CALLE MIGUEL SIMON NRO. S/N ZONA SANTA ROSA DE YACUMA,8
3182,52534,-16.16705,-69.08117,ESTACION DE SERVICIO COPACABANA,ZONA VILLA BELLA CRUZ AV. JOSE P MEJIA ENTRE CALLE ENTRE RIOS Y CALLE S/N,2
3184,50385,-15.912166,-63.213917,GUARAYOS,"CARRETERA SANTA CRUZ ? GUARAYOS, PROVINCIA GUARAYOS, DEL DEPARTAMENTO DE SANTA CRUZ",7
3185,4985,-18.177048,-63.86916,SAMAIPATA,CALLE BARRIENTOS 65 CARRETERA A SANTA CRUZ,7
3186,57063,-17.6101,-63.16148,ESTACION DE SERVICIO SOMOS GAS S.R.L.,"WARNES - AV. NORTE  N. L7 UV: S/N, MZNO: 155, ZONA: URB. EL BIBOSI ",7
3187,53690,-18.27507,-63.125011,ESTACION DE SERVICIO MORA,CARRETERA SANTA CRUZ - CAMIRI / LOCALIDAD MORA,7
3191,11366,-19.7913123,-63.2003492,ESTACION DE SERVICIO COLINDRES,"CHARAGUA -AV. JOSE UGARTE NO.S/N, UV: S/N, MZNO: 95, ZONA: CENTRAL",7
3192,60287,-17.37233,-66.16903,ESTACION DE SERVICIO DELAASUNCION-AMERICA S.R.L.,AV. AMERICA ESQUINA DANIEL ALBORNOZ NRO. S/N MZNO: 064 ZONA: NOROESTE,3
3194,54631,-17.41592,-66.15834,ESTACION DE SERVICIO RG YOSITA,AV. FUERZA AEREA ESQ. AV. DEL CABILDO NRO. 2433 ZONA ZUD JAYHUAYCO,3
3196,38598,-16.5458534,-68.0927863,"GRUPO EMPRESARIAL ""VIRGEN DE LOS ALAMOS"" S.R.L.","AV. LOS ALAMOS ESQUINA AV. COSTANERA N. 10, ZONA LA FLORIDA, LA PAZ",2
3199,57882,-17.81083,-63.20802,REYNALDO CORTEZ QUISPE,AV. 4TO ANILLO NRO. LOTE 17 ZONA SUD-OESTE-DISTRITO NRO10,7
3200,24565,-16.5625911,-68.194619,GAS SAN FELIPE,CALLE BOQUERON NRO 1067,2
3202,7914,-18.0810728,-63.4483486,PARTICIPACIONES E INVERSIONES EN GAS S.A.,"CARRETERA ANTIGUA A COCHABAMBA KM 45 ACERA IZQUIERDA, A 2 KM DEL HOSPITAL DERMATOLOGICO  JOROCHITO",7
3203,52937,-17.76677,-63.10994,SUCURSAL - MONTECRISTO,B/MONTE CRISTO 9NO ANILLO CARRETERA A COTOCA,7
3204,8025,-17.8469,-63.20895,ESTACION DE SERVICIO CLUB GAZEL SRL,SEPTIMO ANILLO ENTRE AV. MOSCU Y VILLA OLIMPICA,7
3205,15388,-11.0299884,-66.0582275,GASPETROL,AV. VERDOLAGO ESQ. AV SIMON BOLIVAR,8
3206,58454,-15.7802,-67.687202,"""CANIAX S.R.L.""",CANTON ILAVAYA COMUNIDAD ATAHUALLPANI NRO. S/N ZONA KONCORASPAMPA,2
3207,58530,-16.823071,-63.485531,ESTACION DE SERVICIO SAYE S.R.L.,CARR. SANTA CRUZ - COLONIA SAN JUAN DEL PIRAI NRO. S/N ZONA SUR DISTRITO 7,7
3208,57635,-17.82793,-60.7745,ESTACION DE SERVICIO BIANCA,SAN JOSE DE CHIQUITOS - CARRETERA SANTA CRUZ A SAN JOSE DE CHIQUITOS Nro S/N UV: S/N MZNO: S/N ZONA: ESTE.,7
3211,47967,-17.37278,-66.11232,GUADELOUPE GROUP S.R.L.,SACABA-AV. CIRCUNVALACION Nro S/N UV. S/N MZO. 8 ZONA MESADILLA,3
3212,38127,-17.763298,-64.855535,"ESTACION DE SERVICIO ""POJO""",POJO - LC POJO NRO S/N UV: S/N MZNO: S/N  ZONA: POJO,3
3213,49505,-16.99313,-65.213188,INVERSIONES Y SERVICIOS TRUJILLO ORELLANA S.R.L.,AV. PANAMERICANA L.C LAUCA NRO. S/N ZONA LAUCA EÑE,3
3216,8177,-19.7801471,-63.1824397,SURTIDOR VIRGEN DE CHARAGUA S.R.L.,"CHARAGUA - AV. JOSE UGARTE Nro1, UV: 12A MZNO: 17, ZONA ESTE",7
3218,63006,-15.82981,-67.57825,ESTACION DE SERVICIO CARANAVI,ZONA SUB URBANA (SECTOR BRONCINI) AVENIDA EL CAFETAL LOTE 1-MANZANO 004,2
3220,61628,-16.495899,-68.134323,"ESTACION DE SERVICIO ""ESCOMA"" S.R.L.",ESCOMA - CARRETERA ESCOMA NRO S/N UV: S/N MZNO: S/N ZONA: CENTRAL,2
3221,27328,-15.6316718,-68.7003879,SUCURSAL NO. 1,CALLE LOS PINOS S/N ZONA BARRIO QUIABAYA,2
3222,60725,-17.31787,-63.28506,SURTIDOR TORRIAYALA,"MONTERO - CARRETERA MONTERO A PORTACHUELO, DISTRITO 1 Nro 00 UV: 61 MZNO: 95 ZONA: NORTE OESTE",7
3224,5069,-13.632944,-61.735249,BELLA VISTA (INTERVENIDA),AV. COSTANERA FINAL S/N,7
3225,23108,-16.353693,-58.409771,ANGEL SANDOVAL - SAN MATIAS (INTERVENIDA),AV. CIRCUNVALACION CARRETERA BIOCEANICA - ZONA COPACABANA,7
3227,7932,-17.53003,-63.16196,ESTACION DE SERVICIO ORTIZ S.R.L.,WARNES - CARRETERA SANTA CRUZ - MONTERO KM. 28 Nro S/N ZONA: NORTE,7
3232,64560,-18.34538,-59.76442,ROBORE - YPFB,"ROBORE, CARRETERA A SANTA CRUZ - PUERTO SUAREZ, BARRIO 19 DE MARZO A LADO DE LA ESTACION DE REGASIFICACION ESR - FRENTE A LA TERMINAL DE BUSES, PROVINCIA CHIQUITOS DEL DEPARTAMENTO DE SANTA CRUZ.",7
3233,69203,-14.43446,-67.50386,ESTACION DE SERVICIO RURRENABAQUE Y.P.F.B.,"CARRETERA A YUCUMO, NRO: S/N, SECTOR LA TRANCA LOCALIDAD: RURRENABAQUE, POV. JOSE BALLIVIAN-BENI",8
3234,66283,-17.38434,-66.36018,PETROCEL S.R.L.,AV. ERNESTO CESPEDES NRO. SIN NUMERO ZONA CENTRAL,3
3236,73162,-18.88108,-66.7605,ESTACION DE SERVICIO AZANAQUE S.R.L.,CARRETERA PANAMERICANA CHALLAPATA-POTOSI KM 1 NRO. SIN NRO MERO ZONA ALTO DE LA ALIANZA,4
3237,64772,-17.34876,-66.19041,LA PATRIA S.R.L.,CHAPISIRCA NRO. SN ZONA CHILIMARCA,3
3238,60274,-16.1268,-67.19264,"ESTACION DE SERVICIO ""DARTAÑAN""",ESPERANZA NRO. SN ZONA VILLA ESPERANZA LA ASUNTA - LA PAZ,2
3239,7876,-17.3534306,-63.2510433,"ESTACION DE SERVICIO ""S.J.""SRL",MONTERO-AV. CIRCUNVALACION PROLONGACION LIBERTAD Nro S/N ZONA: SUR,7
3241,1087,-15.31807,-68.22382,ESTACION DE SERVICIO GERENCIA AYMARA S.R.L.,C/ MAPIRI CAMINO GUANAY NRO S/N Z/ GERENCIA,2
3242,63860,-17.98365,-63.37565,CENTRO DE COMERCIO SANTA RITAKM32 S.R.L.,EL TORNO NRO. LOTE 9 ZONA NOROESTE,7
3243,64015,-16.12827,-62.02941,ESTACION DE SERVICIO GASOCONCE,"MUNICIPIO DE CONCEPCION AVENIDA LOS TAJIBOS Nro S/N UV: 20 MZNO: 10 ZONA: NOR OESTE, PROVINCIA ÑUFLO DE CHAVEZ",7
3244,63303,-15.41407,-63.70902,E.S. ANTO,"CARRETERA A TRINIDAD, COMUNIDAD CERRO GRANDE NRO. S/N ZONA S/N",7
3246,67615,-16.57789,-68.18475,"ESTACION DE SERVICIO ""ALIMARC"" INTER GAS BOLIVIA S.R.L.",AV. 6 DE MARZO NRO. SIN NUMERO ZONA URB. PUCARANI INDUSTRIAL,2
3251,64709,-17.45525,-65.81434,ESTACION DE SERVICIO VIRGEN DE LAS ANGUSTIAS S.R.L.,CAMINO A TIRAQUE NRO. 00 ZONA SUD,3
3252,58489,-16.50814,-68.26291,"ESTACION DE SERVICIO ""GALAXIA"" S.R.L.",CARRETERA A LAJA NRO. S/N ZONA COMUNIDAD TACACHIRA,2
4016,7980,-15.8326064,-67.563948,ESTACION DE SERVICIO FLOR DE CAÑA S.R.L.,CARANAVI - CARANAVI CALLE LITORAL S/N,2
4018,7925,-17.4004209,-63.8206963,ESTACION DE SERVICIOS JATUMPAMPA S.R.L. ,AV. TOMAS DE LESSON ESQ. TARTAGAL,7
4023,8067,-16.9934356,-65.2570371,ESTACION DE SERVICIO FATIMA S.R.L.,CARRETERA COCHABAMBA-SANTA CRUZ KM 180 S/N SHINAHOTA,3
4024,12115,-16.9267953,-62.6109131,ESTACION DE SERVICIO ARNEZ,SANTA CRUZ - SAN JULIAN - CARRETERA AL BENI KM 180 UV: 021 MZNO: 001 ZONA: ESTE,7
4026,7797,-16.9969531,-65.1487478,ESTACION DE SERVICIO TRUJILLO ORELLANA,AVENIDA  PANAMERICANA NRO S/N  ZONA CENTRAL CHIMORE,3
4027,15598,-16.1233033,-67.1953432,ESTACION DE SERVICIO MEJIA S.R.L.,LA ASUNTA - CARRETERA LA ASUNTA - CHARIA Nro S/N ZONA S/Z,2
4029,1712,-17.4387464,-66.1622075,ESTACION DE SERVICIO LORETO S.R.L.- SUCURSAL COCHABAMBA I,AV. PANAMERICANA ENTRE SANTA BARBARA Y SANTA INES,3
